switch_prob,challenge,num_obstacles,method,collision_rate,coll_ci_lo,coll_ci_hi,missed_mode_rate,mm_ci_lo,mm_ci_hi,rare_miss_rate,rare_ci_lo,rare_ci_hi,mean_clearance,p5_clearance,mean_progress,mean_solve_ms,n_rollouts
0.1,HighSpeed-1.5,1,Base,0.124000,0.097946,0.155788,0.782092,0.777504,0.786612,0.901164,0.896797,0.905367,1.6761,0.5124,0.9191,1.034,500
0.1,HighSpeed-1.5,1,WDRO-sampling,0.080000,0.059298,0.107107,0.018805,0.017034,0.020755,0.018291,0.015965,0.020949,1.3769,0.4373,0.9593,1.020,500
0.1,HighSpeed-1.5,1,WDRO-inject-K1,0.106000,0.081957,0.136052,0.000000,0.000000,0.000185,0.000000,0.000000,0.000322,1.3520,0.3509,0.9590,1.057,500
0.1,HighSpeed-1.5,1,WDRO-inject-K2,0.116000,0.090813,0.147042,0.000000,0.000000,0.000184,0.000000,0.000000,0.000319,1.3198,0.2788,0.9589,1.062,500
0.1,HighSpeed-1.5,1,TopRisk-K1,0.096000,0.073173,0.124988,0.000000,0.000000,0.000186,0.000000,0.000000,0.000339,1.3531,0.3998,0.9594,1.066,500
0.1,HighSpeed-1.5,1,TopRisk-K2,0.106000,0.081957,0.136052,0.000000,0.000000,0.000186,0.000000,0.000000,0.000340,1.3256,0.3378,0.9592,1.024,500
0.1,HighSpeed-1.5,1,DiverseRisk-K1,0.132000,0.105116,0.164495,0.000000,0.000000,0.000184,0.000000,0.000000,0.000332,1.3172,0.2461,0.9589,1.011,500
0.1,HighSpeed-1.5,1,Softmax-tau5,0.132000,0.105116,0.164495,0.000000,0.000000,0.000181,0.000000,0.000000,0.000331,1.3440,0.2219,0.9590,1.074,500
0.1,HighSpeed-2.0,1,Base,0.014000,0.006798,0.028613,0.815882,0.812369,0.819344,0.921295,0.918118,0.924358,2.5096,1.1963,0.8478,0.963,500
0.1,HighSpeed-2.0,1,WDRO-sampling,0.068000,0.049066,0.093521,0.013046,0.011617,0.014647,0.010719,0.009069,0.012665,1.9273,0.5019,0.9560,1.035,500
0.1,HighSpeed-2.0,1,WDRO-inject-K1,0.074000,0.054161,0.100335,0.000000,0.000000,0.000180,0.000000,0.000000,0.000322,1.8405,0.4876,0.9561,1.102,500
0.1,HighSpeed-2.0,1,WDRO-inject-K2,0.080000,0.059298,0.107107,0.000000,0.000000,0.000179,0.000000,0.000000,0.000320,1.8409,0.4334,0.9563,1.080,500
0.1,HighSpeed-2.0,1,TopRisk-K1,0.094000,0.071426,0.122765,0.000000,0.000000,0.000179,0.000000,0.000000,0.000319,1.8553,0.3714,0.9561,1.092,500
0.1,HighSpeed-2.0,1,TopRisk-K2,0.070000,0.050759,0.095798,0.000000,0.000000,0.000179,0.000000,0.000000,0.000319,1.8644,0.5227,0.9561,1.082,500
0.1,HighSpeed-2.0,1,DiverseRisk-K1,0.082000,0.061019,0.109355,0.000000,0.000000,0.000179,0.000000,0.000000,0.000320,1.8441,0.4765,0.9564,1.147,500
0.1,HighSpeed-2.0,1,Softmax-tau5,0.070000,0.050759,0.095798,0.000000,0.000000,0.000174,0.000000,0.000000,0.000310,1.9844,0.5789,0.9541,1.214,500
0.1,Crossing,1,Base,0.870000,0.837678,0.896680,0.721212,0.715001,0.727339,0.849215,0.842531,0.855665,0.5303,0.1301,0.9589,0.908,500
0.1,Crossing,1,WDRO-sampling,0.184000,0.152489,0.220330,0.039880,0.037481,0.042427,0.044015,0.040695,0.047592,1.0738,0.2618,0.9586,1.091,500
0.1,Crossing,1,WDRO-inject-K1,0.188000,0.156179,0.224578,0.000000,0.000000,0.000162,0.000000,0.000000,0.000291,1.0589,0.2582,0.9590,1.194,500
0.1,Crossing,1,WDRO-inject-K2,0.202000,0.169141,0.239404,0.000000,0.000000,0.000162,0.000000,0.000000,0.000290,1.0397,0.2306,0.9590,1.161,500
0.1,Crossing,1,TopRisk-K1,0.206000,0.172856,0.243627,0.000000,0.000000,0.000159,0.000000,0.000000,0.000279,1.0421,0.1629,0.9590,1.134,500
0.1,Crossing,1,TopRisk-K2,0.204000,0.170998,0.241516,0.000000,0.000000,0.000159,0.000000,0.000000,0.000280,1.0596,0.2363,0.9586,1.174,500
0.1,Crossing,1,DiverseRisk-K1,0.224000,0.189638,0.262570,0.000000,0.000000,0.000158,0.000000,0.000000,0.000278,1.0148,0.2248,0.9588,1.079,500
0.1,Crossing,1,Softmax-tau5,0.206000,0.172856,0.243627,0.000000,0.000000,0.000157,0.000000,0.000000,0.000282,1.0703,0.2059,0.9584,1.077,500
0.1,Diagonal,1,Base,0.678000,0.635821,0.717465,0.735943,0.730444,0.741371,0.864605,0.858824,0.870185,0.7126,0.1795,0.9474,0.956,500
0.1,Diagonal,1,WDRO-sampling,0.130000,0.103320,0.162322,0.039061,0.036682,0.041588,0.044958,0.041574,0.048603,1.1027,0.5410,0.9577,1.124,500
0.1,Diagonal,1,WDRO-inject-K1,0.152000,0.123192,0.186115,0.000000,0.000000,0.000162,0.000000,0.000000,0.000278,1.0681,0.3958,0.9582,1.251,500
0.1,Diagonal,1,WDRO-inject-K2,0.132000,0.105116,0.164495,0.000000,0.000000,0.000161,0.000000,0.000000,0.000277,1.0976,0.4077,0.9580,1.130,500
0.1,Diagonal,1,TopRisk-K1,0.140000,0.112322,0.173168,0.000000,0.000000,0.000161,0.000000,0.000000,0.000286,1.0967,0.3946,0.9581,1.204,500
0.1,Diagonal,1,TopRisk-K2,0.144000,0.115938,0.177491,0.000000,0.000000,0.000160,0.000000,0.000000,0.000286,1.0818,0.3234,0.9579,1.115,500
0.1,Diagonal,1,DiverseRisk-K1,0.124000,0.097946,0.155788,0.000000,0.000000,0.000161,0.000000,0.000000,0.000275,1.1249,0.4435,0.9575,1.141,500
0.1,Diagonal,1,Softmax-tau5,0.182000,0.150646,0.218203,0.000000,0.000000,0.000158,0.000000,0.000000,0.000278,1.1049,0.3216,0.9580,1.128,500
0.1,Mixed-2obs,2,Base,0.708000,0.666680,0.746148,0.748155,0.744484,0.751792,0.869064,0.865260,0.872776,0.7220,0.1612,0.9322,1.051,500
0.1,Mixed-2obs,2,WDRO-sampling,0.116000,0.090813,0.147042,0.021898,0.020638,0.023233,0.016972,0.015522,0.018555,1.1794,0.2721,0.9558,1.348,500
0.1,Mixed-2obs,2,WDRO-inject-K1,0.182000,0.150646,0.218203,0.000000,0.000000,0.000076,0.000000,0.000000,0.000133,1.0944,0.1925,0.9556,1.420,500
0.1,Mixed-2obs,2,WDRO-inject-K2,0.160000,0.130476,0.194709,0.000000,0.000000,0.000077,0.000000,0.000000,0.000135,1.1055,0.1988,0.9555,1.494,500
0.1,Mixed-2obs,2,TopRisk-K1,0.168000,0.137788,0.203275,0.000000,0.000000,0.000076,0.000000,0.000000,0.000132,1.1077,0.2021,0.9552,1.340,500
0.1,Mixed-2obs,2,TopRisk-K2,0.182000,0.150646,0.218203,0.000000,0.000000,0.000075,0.000000,0.000000,0.000130,1.0899,0.1594,0.9548,1.407,500
0.1,Mixed-2obs,2,DiverseRisk-K1,0.166000,0.135957,0.201136,0.000000,0.000000,0.000076,0.000000,0.000000,0.000133,1.1143,0.2243,0.9554,1.320,500
0.1,Mixed-2obs,2,Softmax-tau5,0.194000,0.161726,0.230940,0.000000,0.000000,0.000078,0.000000,0.000000,0.000139,1.0665,0.0985,0.9570,1.347,500
0.1,Mixed-3obs,3,Base,0.744000,0.703986,0.780293,0.771544,0.769054,0.774014,0.870619,0.867996,0.873196,0.6649,0.1888,0.8987,1.271,500
0.1,Mixed-3obs,3,WDRO-sampling,0.346000,0.305621,0.388728,0.024890,0.023826,0.026001,0.021540,0.020244,0.022918,0.8927,0.1964,0.9566,1.779,500
0.1,Mixed-3obs,3,WDRO-inject-K1,0.274000,0.236740,0.314706,0.000000,0.000000,0.000050,0.000000,0.000000,0.000087,0.9377,0.2240,0.9566,1.632,500
0.1,Mixed-3obs,3,WDRO-inject-K2,0.298000,0.259573,0.339508,0.000000,0.000000,0.000050,0.000000,0.000000,0.000089,0.9315,0.2541,0.9568,1.621,500
0.1,Mixed-3obs,3,TopRisk-K1,0.316000,0.276783,0.358023,0.000000,0.000000,0.000049,0.000000,0.000000,0.000086,0.9262,0.2238,0.9563,1.661,500
0.1,Mixed-3obs,3,TopRisk-K2,0.294000,0.255758,0.335384,0.000000,0.000000,0.000051,0.000000,0.000000,0.000088,0.9451,0.1998,0.9563,1.653,500
0.1,Mixed-3obs,3,DiverseRisk-K1,0.324000,0.284455,0.366229,0.000000,0.000000,0.000050,0.000000,0.000000,0.000088,0.9146,0.2274,0.9571,1.756,500
0.1,Mixed-3obs,3,Softmax-tau5,0.338000,0.297912,0.380558,0.000000,0.000000,0.000050,0.000000,0.000000,0.000087,0.9131,0.2405,0.9564,1.671,500
0.1,Dense-4obs,4,Base,0.672000,0.629673,0.711705,0.765780,0.763639,0.767908,0.862163,0.859881,0.864414,0.7579,0.1526,0.8888,1.483,500
0.1,Dense-4obs,4,WDRO-sampling,0.254000,0.217820,0.293932,0.027126,0.026142,0.028145,0.024582,0.023354,0.025873,0.9921,0.1656,0.9562,1.747,500
0.1,Dense-4obs,4,WDRO-inject-K1,0.286000,0.248139,0.327124,0.000000,0.000000,0.000039,0.000000,0.000000,0.000068,0.9375,0.1066,0.9568,1.816,500
0.1,Dense-4obs,4,WDRO-inject-K2,0.292000,0.253852,0.333320,0.000000,0.000000,0.000039,0.000000,0.000000,0.000068,0.9489,0.0916,0.9568,1.884,500
0.1,Dense-4obs,4,TopRisk-K1,0.274000,0.236740,0.314706,0.000000,0.000000,0.000039,0.000000,0.000000,0.000068,0.9724,0.1617,0.9571,1.846,500
0.1,Dense-4obs,4,TopRisk-K2,0.294000,0.255758,0.335384,0.000000,0.000000,0.000039,0.000000,0.000000,0.000068,0.9514,0.1115,0.9573,1.584,500
0.1,Dense-4obs,4,DiverseRisk-K1,0.290000,0.251947,0.331256,0.000000,0.000000,0.000039,0.000000,0.000000,0.000069,0.9435,0.1263,0.9553,1.554,500
0.1,Dense-4obs,4,Softmax-tau5,0.226000,0.191509,0.264669,0.000000,0.000000,0.000039,0.000000,0.000000,0.000069,1.0105,0.1360,0.9569,1.546,500
0.1,HighSpeed-Dense,3,Base,0.308000,0.269125,0.349803,0.751701,0.748719,0.754658,0.865085,0.861957,0.868152,1.1632,0.2560,0.9412,1.196,500
0.1,HighSpeed-Dense,3,WDRO-sampling,0.242000,0.206517,0.281417,0.020520,0.019491,0.021602,0.019830,0.018498,0.021255,1.0108,0.2333,0.9585,1.324,500
0.1,HighSpeed-Dense,3,WDRO-inject-K1,0.226000,0.191509,0.264669,0.000000,0.000000,0.000056,0.000000,0.000000,0.000098,1.0213,0.2934,0.9586,1.302,500
0.1,HighSpeed-Dense,3,WDRO-inject-K2,0.270000,0.232948,0.310559,0.000000,0.000000,0.000055,0.000000,0.000000,0.000098,1.0094,0.3062,0.9591,1.297,500
0.1,HighSpeed-Dense,3,TopRisk-K1,0.226000,0.191509,0.264669,0.000000,0.000000,0.000055,0.000000,0.000000,0.000098,1.0264,0.3407,0.9583,1.290,500
0.1,HighSpeed-Dense,3,TopRisk-K2,0.234000,0.199004,0.273052,0.000000,0.000000,0.000055,0.000000,0.000000,0.000098,1.0467,0.3498,0.9584,1.288,500
0.1,HighSpeed-Dense,3,DiverseRisk-K1,0.248000,0.212164,0.287679,0.000000,0.000000,0.000055,0.000000,0.000000,0.000098,1.0085,0.3436,0.9583,1.304,500
0.1,HighSpeed-Dense,3,Softmax-tau5,0.332000,0.292140,0.374422,0.000000,0.000000,0.000054,0.000000,0.000000,0.000097,0.9828,0.2910,0.9585,1.308,500
0.3,HighSpeed-1.5,1,Base,0.192000,0.159876,0.228821,0.735942,0.731225,0.740606,0.837158,0.830867,0.843260,1.4979,0.4954,0.9075,0.864,500
0.3,HighSpeed-1.5,1,WDRO-sampling,0.134000,0.106915,0.166667,0.032308,0.030009,0.034778,0.020773,0.017908,0.024085,1.2732,0.3302,0.9585,0.913,500
0.3,HighSpeed-1.5,1,WDRO-inject-K1,0.140000,0.112322,0.173168,0.000000,0.000000,0.000181,0.000000,0.000000,0.000443,1.2435,0.2965,0.9586,0.916,500
0.3,HighSpeed-1.5,1,WDRO-inject-K2,0.154000,0.125010,0.188266,0.000000,0.000000,0.000180,0.000000,0.000000,0.000441,1.2180,0.2793,0.9587,0.920,500
0.3,HighSpeed-1.5,1,TopRisk-K1,0.136000,0.108715,0.168836,0.000000,0.000000,0.000182,0.000000,0.000000,0.000444,1.2218,0.3355,0.9590,0.914,500
0.3,HighSpeed-1.5,1,TopRisk-K2,0.126000,0.099735,0.157968,0.000000,0.000000,0.000182,0.000000,0.000000,0.000443,1.2373,0.3100,0.9587,0.912,500
0.3,HighSpeed-1.5,1,DiverseRisk-K1,0.134000,0.106915,0.166667,0.000000,0.000000,0.000180,0.000000,0.000000,0.000467,1.2178,0.2794,0.9587,0.914,500
0.3,HighSpeed-1.5,1,Softmax-tau5,0.126000,0.099735,0.157968,0.000000,0.000000,0.000178,0.000000,0.000000,0.000443,1.2811,0.3085,0.9586,0.912,500
0.3,HighSpeed-2.0,1,Base,0.030000,0.018263,0.048904,0.740418,0.736440,0.744357,0.836048,0.830720,0.841241,2.2729,1.0202,0.8481,0.841,500
0.3,HighSpeed-2.0,1,WDRO-sampling,0.152000,0.123192,0.186115,0.026865,0.024816,0.029078,0.014362,0.012084,0.017061,1.6475,0.2816,0.9556,0.927,500
0.3,HighSpeed-2.0,1,WDRO-inject-K1,0.142000,0.114129,0.175330,0.000000,0.000000,0.000173,0.000000,0.000000,0.000433,1.6697,0.2478,0.9558,0.934,500
0.3,HighSpeed-2.0,1,WDRO-inject-K2,0.158000,0.128652,0.192563,0.000000,0.000000,0.000173,0.000000,0.000000,0.000432,1.6473,0.2380,0.9558,0.937,500
0.3,HighSpeed-2.0,1,TopRisk-K1,0.144000,0.115938,0.177491,0.000000,0.000000,0.000173,0.000000,0.000000,0.000444,1.6742,0.2419,0.9560,0.936,500
0.3,HighSpeed-2.0,1,TopRisk-K2,0.150000,0.121375,0.183962,0.000000,0.000000,0.000173,0.000000,0.000000,0.000444,1.6748,0.2325,0.9555,0.930,500
0.3,HighSpeed-2.0,1,DiverseRisk-K1,0.170000,0.139620,0.205412,0.000000,0.000000,0.000174,0.000000,0.000000,0.000434,1.6286,0.2421,0.9558,0.937,500
0.3,HighSpeed-2.0,1,Softmax-tau5,0.120000,0.094374,0.151420,0.000000,0.000000,0.000170,0.000000,0.000000,0.000422,1.7450,0.3843,0.9545,0.948,500
0.3,Crossing,1,Base,0.864000,0.831164,0.891285,0.705510,0.699185,0.711756,0.803853,0.795032,0.812384,0.5210,0.1446,0.9599,0.797,500
0.3,Crossing,1,WDRO-sampling,0.206000,0.172856,0.243627,0.046238,0.043672,0.048946,0.041688,0.037878,0.045864,1.0623,0.1782,0.9586,0.934,500
0.3,Crossing,1,WDRO-inject-K1,0.208000,0.174716,0.245737,0.000000,0.000000,0.000155,0.000000,0.000000,0.000381,1.0353,0.2041,0.9586,0.949,500
0.3,Crossing,1,WDRO-inject-K2,0.188000,0.156179,0.224578,0.000000,0.000000,0.000158,0.000000,0.000000,0.000391,1.0432,0.2539,0.9588,0.949,500
0.3,Crossing,1,TopRisk-K1,0.218000,0.184033,0.256267,0.000000,0.000000,0.000156,0.000000,0.000000,0.000375,1.0207,0.1587,0.9589,0.940,500
0.3,Crossing,1,TopRisk-K2,0.218000,0.184033,0.256267,0.000000,0.000000,0.000157,0.000000,0.000000,0.000377,1.0187,0.1790,0.9588,0.953,500
0.3,Crossing,1,DiverseRisk-K1,0.204000,0.170998,0.241516,0.000000,0.000000,0.000158,0.000000,0.000000,0.000392,1.0360,0.1959,0.9590,0.945,500
0.3,Crossing,1,Softmax-tau5,0.208000,0.174716,0.245737,0.000000,0.000000,0.000156,0.000000,0.000000,0.000388,1.0578,0.1964,0.9588,0.942,500
0.3,Diagonal,1,Base,0.638000,0.594971,0.678925,0.747268,0.741872,0.752590,0.855189,0.848313,0.861804,0.7853,0.1988,0.9475,0.805,500
0.3,Diagonal,1,WDRO-sampling,0.180000,0.148804,0.216075,0.048458,0.045826,0.051233,0.041998,0.038205,0.046150,1.0700,0.3717,0.9577,0.946,500
0.3,Diagonal,1,WDRO-inject-K1,0.182000,0.150646,0.218203,0.000000,0.000000,0.000159,0.000000,0.000000,0.000394,1.0590,0.3414,0.9577,0.938,500
0.3,Diagonal,1,WDRO-inject-K2,0.164000,0.134128,0.198995,0.000000,0.000000,0.000157,0.000000,0.000000,0.000392,1.0652,0.3770,0.9581,0.952,500
0.3,Diagonal,1,TopRisk-K1,0.168000,0.137788,0.203275,0.000000,0.000000,0.000158,0.000000,0.000000,0.000404,1.0567,0.2323,0.9578,0.944,500
0.3,Diagonal,1,TopRisk-K2,0.168000,0.137788,0.203275,0.000000,0.000000,0.000158,0.000000,0.000000,0.000404,1.0549,0.3339,0.9582,0.952,500
0.3,Diagonal,1,DiverseRisk-K1,0.172000,0.141454,0.207548,0.000000,0.000000,0.000159,0.000000,0.000000,0.000395,1.0507,0.3251,0.9579,0.952,500
0.3,Diagonal,1,Softmax-tau5,0.190000,0.158027,0.226700,0.000000,0.000000,0.000157,0.000000,0.000000,0.000379,1.0655,0.2623,0.9583,0.949,500
0.3,Mixed-2obs,2,Base,0.658000,0.615355,0.698235,0.734283,0.730598,0.737936,0.828637,0.823665,0.833497,0.7806,0.1849,0.9281,0.915,500
0.3,Mixed-2obs,2,WDRO-sampling,0.172000,0.141454,0.207548,0.030789,0.029294,0.032357,0.018930,0.017139,0.020903,1.1207,0.1697,0.9564,1.128,500
0.3,Mixed-2obs,2,WDRO-inject-K1,0.176000,0.145126,0.211815,0.000000,0.000000,0.000078,0.000000,0.000000,0.000193,1.1124,0.1900,0.9565,1.121,500
0.3,Mixed-2obs,2,WDRO-inject-K2,0.150000,0.121375,0.183962,0.000000,0.000000,0.000079,0.000000,0.000000,0.000193,1.1428,0.2589,0.9566,1.131,500
0.3,Mixed-2obs,2,TopRisk-K1,0.148000,0.119561,0.181807,0.000000,0.000000,0.000080,0.000000,0.000000,0.000197,1.1834,0.2546,0.9564,1.127,500
0.3,Mixed-2obs,2,TopRisk-K2,0.128000,0.101526,0.160146,0.000000,0.000000,0.000079,0.000000,0.000000,0.000197,1.1860,0.2409,0.9567,1.116,500
0.3,Mixed-2obs,2,DiverseRisk-K1,0.156000,0.126830,0.190415,0.000000,0.000000,0.000079,0.000000,0.000000,0.000197,1.1282,0.2864,0.9568,1.125,500
0.3,Mixed-2obs,2,Softmax-tau5,0.146000,0.117748,0.179650,0.000000,0.000000,0.000080,0.000000,0.000000,0.000201,1.1207,0.2588,0.9574,1.134,500
0.3,Mixed-3obs,3,Base,0.826000,0.790318,0.856711,0.745066,0.742544,0.747572,0.839473,0.836115,0.842775,0.5732,0.1353,0.8886,1.027,500
0.3,Mixed-3obs,3,WDRO-sampling,0.286000,0.248139,0.327124,0.030927,0.029728,0.032174,0.024893,0.023227,0.026674,0.9371,0.2475,0.9564,1.348,500
0.3,Mixed-3obs,3,WDRO-inject-K1,0.282000,0.244336,0.322989,0.000000,0.000000,0.000050,0.000000,0.000000,0.000126,0.9336,0.2699,0.9564,1.354,500
0.3,Mixed-3obs,3,WDRO-inject-K2,0.300000,0.261481,0.341569,0.000000,0.000000,0.000050,0.000000,0.000000,0.000125,0.9141,0.1924,0.9570,1.355,500
0.3,Mixed-3obs,3,TopRisk-K1,0.262000,0.225376,0.302254,0.000000,0.000000,0.000051,0.000000,0.000000,0.000128,0.9496,0.3335,0.9566,1.346,500
0.3,Mixed-3obs,3,TopRisk-K2,0.298000,0.259573,0.339508,0.000000,0.000000,0.000051,0.000000,0.000000,0.000127,0.9177,0.2437,0.9564,1.357,500
0.3,Mixed-3obs,3,DiverseRisk-K1,0.300000,0.261481,0.341569,0.000000,0.000000,0.000051,0.000000,0.000000,0.000126,0.9339,0.2826,0.9567,1.351,500
0.3,Mixed-3obs,3,Softmax-tau5,0.288000,0.250043,0.329190,0.000000,0.000000,0.000050,0.000000,0.000000,0.000124,0.9310,0.3074,0.9562,1.365,500
0.3,Dense-4obs,4,Base,0.750000,0.710236,0.785952,0.738191,0.736012,0.740358,0.843521,0.840679,0.846322,0.6778,0.1323,0.8804,1.238,500
0.3,Dense-4obs,4,WDRO-sampling,0.342000,0.301765,0.384645,0.031857,0.030809,0.032940,0.031547,0.029915,0.033266,0.8953,0.1333,0.9565,1.528,500
0.3,Dense-4obs,4,WDRO-inject-K1,0.344000,0.303692,0.386687,0.000000,0.000000,0.000037,0.000000,0.000000,0.000092,0.8788,0.1254,0.9565,1.536,500
0.3,Dense-4obs,4,WDRO-inject-K2,0.338000,0.297912,0.380558,0.000000,0.000000,0.000037,0.000000,0.000000,0.000090,0.8957,0.1336,0.9568,1.541,500
0.3,Dense-4obs,4,TopRisk-K1,0.340000,0.299838,0.382602,0.000000,0.000000,0.000037,0.000000,0.000000,0.000091,0.8968,0.1956,0.9561,1.528,500
0.3,Dense-4obs,4,TopRisk-K2,0.328000,0.288295,0.370327,0.000000,0.000000,0.000037,0.000000,0.000000,0.000092,0.9128,0.1866,0.9568,1.533,500
0.3,Dense-4obs,4,DiverseRisk-K1,0.366000,0.324947,0.409097,0.000000,0.000000,0.000037,0.000000,0.000000,0.000092,0.8947,0.1244,0.9566,1.532,500
0.3,Dense-4obs,4,Softmax-tau5,0.354000,0.313342,0.396885,0.000000,0.000000,0.000037,0.000000,0.000000,0.000093,0.8908,0.1253,0.9567,1.523,500
0.3,HighSpeed-Dense,3,Base,0.598000,0.554434,0.640072,0.724975,0.721893,0.728036,0.824393,0.820248,0.828463,0.8419,0.1950,0.9424,1.165,500
0.3,HighSpeed-Dense,3,WDRO-sampling,0.260000,0.223485,0.300175,0.024315,0.023193,0.025490,0.018090,0.016581,0.019735,1.0332,0.4211,0.9589,1.279,500
0.3,HighSpeed-Dense,3,WDRO-inject-K1,0.220000,0.185900,0.258369,0.000000,0.000000,0.000056,0.000000,0.000000,0.000142,1.0562,0.3967,0.9588,1.276,500
0.3,HighSpeed-Dense,3,WDRO-inject-K2,0.222000,0.187769,0.260471,0.000000,0.000000,0.000056,0.000000,0.000000,0.000142,1.0444,0.3848,0.9592,1.283,500
0.3,HighSpeed-Dense,3,TopRisk-K1,0.224000,0.189638,0.262570,0.000000,0.000000,0.000056,0.000000,0.000000,0.000138,1.0265,0.3622,0.9589,1.288,500
0.3,HighSpeed-Dense,3,TopRisk-K2,0.228000,0.193381,0.266767,0.000000,0.000000,0.000056,0.000000,0.000000,0.000138,1.0251,0.3970,0.9589,1.282,500
0.3,HighSpeed-Dense,3,DiverseRisk-K1,0.250000,0.214048,0.289764,0.000000,0.000000,0.000056,0.000000,0.000000,0.000142,1.0217,0.3670,0.9587,1.283,500
0.3,HighSpeed-Dense,3,Softmax-tau5,0.280000,0.242435,0.320919,0.000000,0.000000,0.000055,0.000000,0.000000,0.000137,1.0040,0.3429,0.9586,1.291,500
