constraint_type,path_config,method,collision_rate,coll_ci_lo,coll_ci_hi,mean_clearance,p5_clearance,mean_progress,mean_solve_ms,n_rollouts
halfspace,S-curve-sp0.2,Base,0.749000,0.721208,0.774887,0.7045,0.1792,0.9269,0.815,1000
halfspace,S-curve-sp0.2,WDRO-sampling,0.160000,0.138585,0.184017,1.0923,0.4498,0.9572,0.916,1000
halfspace,S-curve-sp0.2,WDRO-inject-K1,0.146000,0.125469,0.169241,1.0915,0.4849,0.9578,0.920,1000
halfspace,S-curve-sp0.2,WDRO-inject-K2,0.137000,0.117073,0.159706,1.0794,0.4432,0.9578,0.930,1000
halfspace,S-curve-sp0.2,TopRisk-K1,0.116000,0.097605,0.137334,1.1049,0.5031,0.9576,0.922,1000
halfspace,S-curve-sp0.2,TopRisk-K2,0.136000,0.116142,0.158644,1.0931,0.4864,0.9577,0.921,1000
halfspace,S-curve-sp0.2,DiverseRisk-K1,0.126000,0.106853,0.148010,1.0954,0.5091,0.9577,0.917,1000
halfspace,S-curve-sp0.4,Base,0.779000,0.752242,0.803622,0.6416,0.1768,0.9297,0.812,1000
halfspace,S-curve-sp0.4,WDRO-sampling,0.163000,0.141404,0.187176,1.0619,0.4856,0.9567,0.920,1000
halfspace,S-curve-sp0.4,WDRO-inject-K1,0.175000,0.152705,0.199782,1.0356,0.4563,0.9569,0.927,1000
halfspace,S-curve-sp0.4,WDRO-inject-K2,0.164000,0.142344,0.188228,1.0449,0.4958,0.9570,0.928,1000
halfspace,S-curve-sp0.4,TopRisk-K1,0.174000,0.151762,0.198733,1.0435,0.5060,0.9572,0.926,1000
halfspace,S-curve-sp0.4,TopRisk-K2,0.170000,0.147991,0.194535,1.0394,0.4795,0.9569,0.924,1000
halfspace,S-curve-sp0.4,DiverseRisk-K1,0.154000,0.132956,0.177692,1.0514,0.4799,0.9571,0.920,1000
halfspace,Tight-S-sp0.2,Base,0.990000,0.981690,0.994559,0.3518,0.0913,0.9564,0.782,1000
halfspace,Tight-S-sp0.2,WDRO-sampling,0.309000,0.281136,0.338326,0.9390,0.2050,0.9576,0.966,1000
halfspace,Tight-S-sp0.2,WDRO-inject-K1,0.247000,0.221272,0.274665,0.9958,0.3212,0.9577,0.952,1000
halfspace,Tight-S-sp0.2,WDRO-inject-K2,0.265000,0.238583,0.293216,0.9630,0.2158,0.9580,0.969,1000
halfspace,Tight-S-sp0.2,TopRisk-K1,0.238000,0.212639,0.265366,0.9805,0.2490,0.9577,0.955,1000
halfspace,Tight-S-sp0.2,TopRisk-K2,0.282000,0.254986,0.310683,0.9531,0.2006,0.9576,0.965,1000
halfspace,Tight-S-sp0.2,DiverseRisk-K1,0.250000,0.224153,0.277761,0.9777,0.2116,0.9578,0.961,1000
halfspace,Tight-S-sp0.4,Base,0.998000,0.992737,0.999451,0.3087,0.0782,0.9566,0.783,1000
halfspace,Tight-S-sp0.4,WDRO-sampling,0.261000,0.234731,0.289099,0.9847,0.3463,0.9577,0.956,1000
halfspace,Tight-S-sp0.4,WDRO-inject-K1,0.250000,0.224153,0.277761,0.9742,0.3278,0.9576,0.960,1000
halfspace,Tight-S-sp0.4,WDRO-inject-K2,0.248000,0.222232,0.275697,0.9654,0.2855,0.9577,0.962,1000
halfspace,Tight-S-sp0.4,TopRisk-K1,0.262000,0.235693,0.290128,0.9675,0.3447,0.9578,0.954,1000
halfspace,Tight-S-sp0.4,TopRisk-K2,0.271000,0.244366,0.299386,0.9581,0.2922,0.9577,0.964,1000
halfspace,Tight-S-sp0.4,DiverseRisk-K1,0.261000,0.234731,0.289099,0.9689,0.3070,0.9576,0.958,1000
chance-z1.0,S-curve-sp0.2,Base,0.620000,0.589510,0.649571,0.8302,0.2025,0.9274,0.802,1000
chance-z1.0,S-curve-sp0.2,WDRO-sampling,0.165000,0.143284,0.189280,1.1169,0.4303,0.9565,0.912,1000
chance-z1.0,S-curve-sp0.2,WDRO-inject-K1,0.127000,0.107780,0.149075,1.1190,0.4810,0.9572,0.915,1000
chance-z1.0,S-curve-sp0.2,WDRO-inject-K2,0.141000,0.120801,0.163947,1.1095,0.4716,0.9574,0.913,1000
chance-z1.0,S-curve-sp0.2,TopRisk-K1,0.112000,0.093919,0.133050,1.1429,0.5271,0.9571,0.906,1000
chance-z1.0,S-curve-sp0.2,TopRisk-K2,0.136000,0.116142,0.158644,1.1244,0.5091,0.9570,0.910,1000
chance-z1.0,S-curve-sp0.2,DiverseRisk-K1,0.145000,0.124535,0.168183,1.1149,0.5300,0.9572,0.913,1000
chance-z1.0,S-curve-sp0.4,Base,0.688000,0.658610,0.715951,0.7337,0.1722,0.9246,0.800,1000
chance-z1.0,S-curve-sp0.4,WDRO-sampling,0.169000,0.147049,0.193484,1.0870,0.4755,0.9564,0.913,1000
chance-z1.0,S-curve-sp0.4,WDRO-inject-K1,0.160000,0.138585,0.184017,1.0634,0.4654,0.9566,0.927,1000
chance-z1.0,S-curve-sp0.4,WDRO-inject-K2,0.176000,0.153649,0.200831,1.0597,0.4525,0.9567,0.928,1000
chance-z1.0,S-curve-sp0.4,TopRisk-K1,0.148000,0.127339,0.171356,1.0696,0.4507,0.9569,0.924,1000
chance-z1.0,S-curve-sp0.4,TopRisk-K2,0.149000,0.128274,0.172412,1.0712,0.4358,0.9564,0.924,1000
chance-z1.0,S-curve-sp0.4,DiverseRisk-K1,0.173000,0.150819,0.197684,1.0603,0.4479,0.9567,0.927,1000
chance-z1.0,Tight-S-sp0.2,Base,0.990000,0.981690,0.994559,0.3437,0.0820,0.9566,0.784,1000
chance-z1.0,Tight-S-sp0.2,WDRO-sampling,0.231000,0.205936,0.258123,1.0314,0.2233,0.9576,0.948,1000
chance-z1.0,Tight-S-sp0.2,WDRO-inject-K1,0.190000,0.166889,0.215484,1.0373,0.2947,0.9579,0.947,1000
chance-z1.0,Tight-S-sp0.2,WDRO-inject-K2,0.197000,0.173528,0.222791,1.0322,0.2863,0.9577,0.950,1000
chance-z1.0,Tight-S-sp0.2,TopRisk-K1,0.198000,0.174477,0.223834,1.0348,0.2918,0.9576,0.953,1000
chance-z1.0,Tight-S-sp0.2,TopRisk-K2,0.191000,0.167837,0.216528,1.0492,0.2767,0.9580,0.948,1000
chance-z1.0,Tight-S-sp0.2,DiverseRisk-K1,0.194000,0.170681,0.219661,1.0295,0.2867,0.9578,0.950,1000
chance-z1.0,Tight-S-sp0.4,Base,0.994000,0.986972,0.997247,0.3100,0.0857,0.9567,0.794,1000
chance-z1.0,Tight-S-sp0.4,WDRO-sampling,0.218000,0.193514,0.244644,1.0221,0.3212,0.9578,0.953,1000
chance-z1.0,Tight-S-sp0.4,WDRO-inject-K1,0.192000,0.168784,0.217573,1.0303,0.3357,0.9579,0.951,1000
chance-z1.0,Tight-S-sp0.4,WDRO-inject-K2,0.218000,0.193514,0.244644,1.0111,0.2976,0.9578,0.956,1000
chance-z1.0,Tight-S-sp0.4,TopRisk-K1,0.181000,0.158372,0.206070,1.0400,0.3430,0.9579,0.950,1000
chance-z1.0,Tight-S-sp0.4,TopRisk-K2,0.195000,0.171630,0.220705,1.0233,0.3221,0.9581,0.956,1000
chance-z1.0,Tight-S-sp0.4,DiverseRisk-K1,0.203000,0.179228,0.229045,1.0242,0.3422,0.9580,0.953,1000
chance-z1.645,S-curve-sp0.2,Base,0.590000,0.559228,0.620083,0.8971,0.2067,0.9345,0.799,1000
chance-z1.645,S-curve-sp0.2,WDRO-sampling,0.175000,0.152705,0.199782,1.1206,0.3835,0.9559,0.914,1000
chance-z1.645,S-curve-sp0.2,WDRO-inject-K1,0.139000,0.118936,0.161827,1.1302,0.4661,0.9569,0.916,1000
chance-z1.645,S-curve-sp0.2,WDRO-inject-K2,0.166000,0.144225,0.190331,1.1066,0.3934,0.9567,0.922,1000
chance-z1.645,S-curve-sp0.2,TopRisk-K1,0.162000,0.140464,0.186123,1.1010,0.4217,0.9569,0.921,1000
chance-z1.645,S-curve-sp0.2,TopRisk-K2,0.147000,0.126404,0.170298,1.1252,0.4618,0.9567,0.921,1000
chance-z1.645,S-curve-sp0.2,DiverseRisk-K1,0.166000,0.144225,0.190331,1.1045,0.4132,0.9566,0.922,1000
chance-z1.645,S-curve-sp0.4,Base,0.669000,0.639236,0.697471,0.7619,0.1552,0.9338,0.800,1000
chance-z1.645,S-curve-sp0.4,WDRO-sampling,0.190000,0.166889,0.215484,1.0731,0.3963,0.9559,0.922,1000
chance-z1.645,S-curve-sp0.4,WDRO-inject-K1,0.187000,0.164047,0.212348,1.0583,0.4472,0.9566,0.929,1000
chance-z1.645,S-curve-sp0.4,WDRO-inject-K2,0.212000,0.187794,0.238411,1.0330,0.3804,0.9566,0.939,1000
chance-z1.645,S-curve-sp0.4,TopRisk-K1,0.198000,0.174477,0.223834,1.0448,0.4173,0.9566,0.931,1000
chance-z1.645,S-curve-sp0.4,TopRisk-K2,0.194000,0.170681,0.219661,1.0541,0.4465,0.9563,0.934,1000
chance-z1.645,S-curve-sp0.4,DiverseRisk-K1,0.194000,0.170681,0.219661,1.0468,0.3948,0.9564,0.936,1000
chance-z1.645,Tight-S-sp0.2,Base,0.980000,0.969310,0.987016,0.3705,0.1112,0.9567,0.789,1000
chance-z1.645,Tight-S-sp0.2,WDRO-sampling,0.211000,0.186841,0.237371,1.0566,0.2237,0.9578,0.947,1000
chance-z1.645,Tight-S-sp0.2,WDRO-inject-K1,0.162000,0.140464,0.186123,1.0783,0.3757,0.9578,0.941,1000
chance-z1.645,Tight-S-sp0.2,WDRO-inject-K2,0.182000,0.159317,0.207117,1.0624,0.2676,0.9580,0.946,1000
chance-z1.645,Tight-S-sp0.2,TopRisk-K1,0.173000,0.150819,0.197684,1.0771,0.3328,0.9580,0.935,1000
chance-z1.645,Tight-S-sp0.2,TopRisk-K2,0.185000,0.162154,0.210257,1.0567,0.2668,0.9579,0.946,1000
chance-z1.645,Tight-S-sp0.2,DiverseRisk-K1,0.162000,0.140464,0.186123,1.0917,0.3438,0.9578,0.936,1000
chance-z1.645,Tight-S-sp0.4,Base,0.988000,0.979143,0.993122,0.3170,0.0850,0.9568,0.787,1000
chance-z1.645,Tight-S-sp0.4,WDRO-sampling,0.198000,0.174477,0.223834,1.0662,0.3245,0.9579,0.943,1000
chance-z1.645,Tight-S-sp0.4,WDRO-inject-K1,0.153000,0.132019,0.176637,1.0738,0.4379,0.9580,0.951,1000
chance-z1.645,Tight-S-sp0.4,WDRO-inject-K2,0.155000,0.133893,0.178747,1.0703,0.4374,0.9580,0.954,1000
chance-z1.645,Tight-S-sp0.4,TopRisk-K1,0.167000,0.145166,0.191383,1.0617,0.4136,0.9580,0.952,1000
chance-z1.645,Tight-S-sp0.4,TopRisk-K2,0.188000,0.164994,0.213394,1.0448,0.3436,0.9577,0.953,1000
chance-z1.645,Tight-S-sp0.4,DiverseRisk-K1,0.142000,0.121734,0.165006,1.0745,0.4067,0.9579,0.951,1000
chance-z2.0,S-curve-sp0.2,Base,0.557000,0.526052,0.587512,0.9036,0.1678,0.9350,0.801,1000
chance-z2.0,S-curve-sp0.2,WDRO-sampling,0.192000,0.168784,0.217573,1.1156,0.3744,0.9558,0.915,1000
chance-z2.0,S-curve-sp0.2,WDRO-inject-K1,0.167000,0.145166,0.191383,1.1181,0.4336,0.9566,0.924,1000
chance-z2.0,S-curve-sp0.2,WDRO-inject-K2,0.150000,0.129210,0.173469,1.1262,0.4699,0.9567,0.921,1000
chance-z2.0,S-curve-sp0.2,TopRisk-K1,0.181000,0.158372,0.206070,1.1045,0.4098,0.9565,0.926,1000
chance-z2.0,S-curve-sp0.2,TopRisk-K2,0.177000,0.154593,0.201879,1.1055,0.4229,0.9565,0.925,1000
chance-z2.0,S-curve-sp0.2,DiverseRisk-K1,0.170000,0.147991,0.194535,1.1175,0.3689,0.9566,0.923,1000
chance-z2.0,S-curve-sp0.4,Base,0.673000,0.643310,0.701366,0.7491,0.1509,0.9373,0.802,1000
chance-z2.0,S-curve-sp0.4,WDRO-sampling,0.217000,0.192560,0.243606,1.0677,0.4401,0.9562,0.926,1000
chance-z2.0,S-curve-sp0.4,WDRO-inject-K1,0.180000,0.157427,0.205023,1.0708,0.4449,0.9568,0.932,1000
chance-z2.0,S-curve-sp0.4,WDRO-inject-K2,0.206000,0.182081,0.232169,1.0547,0.4096,0.9567,0.939,1000
chance-z2.0,S-curve-sp0.4,TopRisk-K1,0.187000,0.164047,0.212348,1.0617,0.4079,0.9567,0.933,1000
chance-z2.0,S-curve-sp0.4,TopRisk-K2,0.214000,0.189700,0.240489,1.0533,0.4150,0.9565,0.936,1000
chance-z2.0,S-curve-sp0.4,DiverseRisk-K1,0.199000,0.175427,0.224877,1.0498,0.4323,0.9566,0.936,1000
chance-z2.0,Tight-S-sp0.2,Base,0.977000,0.965723,0.984626,0.3637,0.0808,0.9566,0.788,1000
chance-z2.0,Tight-S-sp0.2,WDRO-sampling,0.197000,0.173528,0.222791,1.0912,0.2656,0.9578,0.937,1000
chance-z2.0,Tight-S-sp0.2,WDRO-inject-K1,0.151000,0.130146,0.174525,1.0998,0.3863,0.9577,0.940,1000
chance-z2.0,Tight-S-sp0.2,WDRO-inject-K2,0.162000,0.140464,0.186123,1.0998,0.3686,0.9580,0.940,1000
chance-z2.0,Tight-S-sp0.2,TopRisk-K1,0.153000,0.132019,0.176637,1.1055,0.4193,0.9577,0.935,1000
chance-z2.0,Tight-S-sp0.2,TopRisk-K2,0.168000,0.146108,0.192433,1.0841,0.3156,0.9578,0.940,1000
chance-z2.0,Tight-S-sp0.2,DiverseRisk-K1,0.162000,0.140464,0.186123,1.0893,0.3346,0.9579,0.934,1000
chance-z2.0,Tight-S-sp0.4,Base,0.995000,0.988349,0.997862,0.3064,0.0761,0.9565,0.790,1000
chance-z2.0,Tight-S-sp0.4,WDRO-sampling,0.182000,0.159317,0.207117,1.0782,0.3951,0.9577,0.939,1000
chance-z2.0,Tight-S-sp0.4,WDRO-inject-K1,0.160000,0.138585,0.184017,1.0764,0.3824,0.9578,0.949,1000
chance-z2.0,Tight-S-sp0.4,WDRO-inject-K2,0.150000,0.129210,0.173469,1.0855,0.4339,0.9582,0.949,1000
chance-z2.0,Tight-S-sp0.4,TopRisk-K1,0.152000,0.131082,0.175581,1.0834,0.3636,0.9579,0.944,1000
chance-z2.0,Tight-S-sp0.4,TopRisk-K2,0.171000,0.148933,0.195585,1.0780,0.4134,0.9581,0.946,1000
chance-z2.0,Tight-S-sp0.4,DiverseRisk-K1,0.151000,0.130146,0.174525,1.0875,0.3852,0.9579,0.944,1000
chance-z2.5,S-curve-sp0.2,Base,0.513000,0.482030,0.543871,1.0284,0.1959,0.9266,0.804,1000
chance-z2.5,S-curve-sp0.2,WDRO-sampling,0.241000,0.215515,0.268467,1.0855,0.3598,0.9558,0.925,1000
chance-z2.5,S-curve-sp0.2,WDRO-inject-K1,0.191000,0.167837,0.216528,1.1027,0.3933,0.9566,0.930,1000
chance-z2.5,S-curve-sp0.2,WDRO-inject-K2,0.177000,0.154593,0.201879,1.1020,0.3738,0.9564,0.930,1000
chance-z2.5,S-curve-sp0.2,TopRisk-K1,0.196000,0.172579,0.221748,1.1022,0.3761,0.9565,0.925,1000
chance-z2.5,S-curve-sp0.2,TopRisk-K2,0.196000,0.172579,0.221748,1.1105,0.3791,0.9563,0.931,1000
chance-z2.5,S-curve-sp0.2,DiverseRisk-K1,0.195000,0.171630,0.220705,1.0962,0.3368,0.9563,0.929,1000
chance-z2.5,S-curve-sp0.4,Base,0.624000,0.593557,0.653494,0.8367,0.1616,0.9312,0.806,1000
chance-z2.5,S-curve-sp0.4,WDRO-sampling,0.236000,0.210723,0.263298,1.0550,0.4151,0.9561,0.933,1000
chance-z2.5,S-curve-sp0.4,WDRO-inject-K1,0.230000,0.204979,0.257087,1.0292,0.3945,0.9565,0.948,1000
chance-z2.5,S-curve-sp0.4,WDRO-inject-K2,0.190000,0.166889,0.215484,1.0761,0.4445,0.9568,0.934,1000
chance-z2.5,S-curve-sp0.4,TopRisk-K1,0.202000,0.178277,0.228004,1.0629,0.4070,0.9565,0.937,1000
chance-z2.5,S-curve-sp0.4,TopRisk-K2,0.206000,0.182081,0.232169,1.0572,0.4215,0.9567,0.937,1000
chance-z2.5,S-curve-sp0.4,DiverseRisk-K1,0.175000,0.152705,0.199782,1.0729,0.4155,0.9565,0.935,1000
chance-z2.5,Tight-S-sp0.2,Base,0.969000,0.956334,0.978076,0.3749,0.0921,0.9569,0.785,1000
chance-z2.5,Tight-S-sp0.2,WDRO-sampling,0.188000,0.164994,0.213394,1.1230,0.2105,0.9579,0.936,1000
chance-z2.5,Tight-S-sp0.2,WDRO-inject-K1,0.139000,0.118936,0.161827,1.1334,0.3897,0.9579,0.928,1000
chance-z2.5,Tight-S-sp0.2,WDRO-inject-K2,0.124000,0.105000,0.145878,1.1357,0.4381,0.9578,0.932,1000
chance-z2.5,Tight-S-sp0.2,TopRisk-K1,0.134000,0.114281,0.156521,1.1379,0.3792,0.9579,0.931,1000
chance-z2.5,Tight-S-sp0.2,TopRisk-K2,0.144000,0.123601,0.167124,1.1258,0.3441,0.9578,0.935,1000
chance-z2.5,Tight-S-sp0.2,DiverseRisk-K1,0.159000,0.137646,0.182964,1.1368,0.3674,0.9580,0.929,1000
chance-z2.5,Tight-S-sp0.4,Base,0.987000,0.977885,0.992387,0.3204,0.0780,0.9568,0.785,1000
chance-z2.5,Tight-S-sp0.4,WDRO-sampling,0.190000,0.166889,0.215484,1.0818,0.3523,0.9579,0.940,1000
chance-z2.5,Tight-S-sp0.4,WDRO-inject-K1,0.164000,0.142344,0.188228,1.0953,0.3808,0.9582,0.939,1000
chance-z2.5,Tight-S-sp0.4,WDRO-inject-K2,0.144000,0.123601,0.167124,1.1000,0.4150,0.9580,0.943,1000
chance-z2.5,Tight-S-sp0.4,TopRisk-K1,0.139000,0.118936,0.161827,1.1034,0.4037,0.9581,0.941,1000
chance-z2.5,Tight-S-sp0.4,TopRisk-K2,0.152000,0.131082,0.175581,1.0962,0.3942,0.9580,0.946,1000
chance-z2.5,Tight-S-sp0.4,DiverseRisk-K1,0.130000,0.110563,0.152268,1.1142,0.4414,0.9581,0.934,1000
