path,obstacle_speed,method,collision_rate,coll_ci_lo,coll_ci_hi,missed_mode_rate,mm_ci_lo,mm_ci_hi,rare_miss_rate,rare_ci_lo,rare_ci_hi,mean_clearance,p5_clearance,mean_progress,mean_solve_ms,n_rollouts
S-curve,1.3,Base,0.220000,0.199766,0.241664,0.750196,0.747445,0.752926,0.862308,0.859053,0.865498,1.4317,0.3645,0.9197,0.835,1500
S-curve,1.3,WDRO-inject-K1,0.139333,0.122728,0.157781,0.000000,0.000000,0.000060,0.000000,0.000000,0.000131,1.1356,0.3384,0.9592,0.912,1500
S-curve,1.3,TopRisk-K1,0.152667,0.135354,0.171754,0.000000,0.000000,0.000059,0.000000,0.000000,0.000132,1.1122,0.3020,0.9591,0.914,1500
S-curve,1.5,Base,0.174667,0.156290,0.194706,0.758131,0.755430,0.760812,0.877504,0.874455,0.880488,1.5434,0.4596,0.9152,0.849,1500
S-curve,1.5,WDRO-inject-K1,0.132667,0.116435,0.150775,0.000000,0.000000,0.000061,0.000000,0.000000,0.000131,1.2742,0.3108,0.9588,0.898,1500
S-curve,1.5,TopRisk-K1,0.136667,0.120209,0.154981,0.000000,0.000000,0.000061,0.000000,0.000000,0.000135,1.2521,0.2884,0.9586,0.898,1500
S-curve,1.7,Base,0.099333,0.085205,0.115509,0.760478,0.757903,0.763034,0.879227,0.876336,0.882060,1.8293,0.6180,0.9017,0.842,1500
S-curve,1.7,WDRO-inject-K1,0.032000,0.024220,0.042171,0.000000,0.000000,0.000062,0.000000,0.000000,0.000137,1.5656,1.0412,0.9592,0.873,1500
S-curve,1.7,TopRisk-K1,0.037333,0.028861,0.048170,0.000000,0.000000,0.000062,0.000000,0.000000,0.000134,1.5541,1.0074,0.9594,0.877,1500
S-curve,2.0,Base,0.024000,0.017386,0.033046,0.775318,0.773157,0.777465,0.879699,0.877249,0.882107,2.4139,1.1700,0.8446,0.845,1500
S-curve,2.0,WDRO-inject-K1,0.134667,0.118321,0.152879,0.000000,0.000000,0.000058,0.000000,0.000000,0.000127,1.7210,0.2593,0.9559,0.919,1500
S-curve,2.0,TopRisk-K1,0.120000,0.104518,0.137424,0.000000,0.000000,0.000059,0.000000,0.000000,0.000128,1.7491,0.3013,0.9560,0.909,1500
Tight-S,1.3,Base,0.352667,0.328891,0.377195,0.718672,0.714939,0.722375,0.853139,0.848726,0.857444,1.0904,0.3752,0.9564,0.796,1500
Tight-S,1.3,WDRO-inject-K1,0.038667,0.030030,0.049661,0.000000,0.000000,0.000072,0.000000,0.000000,0.000160,1.2888,1.0089,0.9569,0.855,1500
Tight-S,1.3,TopRisk-K1,0.052667,0.042462,0.065157,0.000000,0.000000,0.000071,0.000000,0.000000,0.000159,1.2799,0.7526,0.9571,0.857,1500
Tight-S,1.5,Base,0.159333,0.141685,0.178722,0.727280,0.723723,0.730808,0.847896,0.843607,0.852087,1.4897,0.4948,0.9534,0.802,1500
Tight-S,1.5,WDRO-inject-K1,0.013333,0.008648,0.020505,0.000000,0.000000,0.000072,0.000000,0.000000,0.000159,1.5003,1.1162,0.9574,0.834,1500
Tight-S,1.5,TopRisk-K1,0.016000,0.010775,0.023698,0.000000,0.000000,0.000072,0.000000,0.000000,0.000159,1.5066,1.1457,0.9573,0.860,1500
Tight-S,1.7,Base,0.045333,0.035916,0.057073,0.730912,0.728019,0.733786,0.804229,0.800424,0.807980,1.9539,0.8823,0.9133,0.879,1500
Tight-S,1.7,WDRO-inject-K1,0.006667,0.003625,0.012229,0.000000,0.000000,0.000072,0.000000,0.000000,0.000161,1.7513,1.2514,0.9579,0.829,1500
Tight-S,1.7,TopRisk-K1,0.013333,0.008648,0.020505,0.000000,0.000000,0.000072,0.000000,0.000000,0.000162,1.7374,1.2361,0.9580,0.828,1500
Tight-S,2.0,Base,0.004000,0.001834,0.008700,0.761454,0.759307,0.763587,0.846944,0.844284,0.849566,2.7313,1.7160,0.8290,0.924,1500
Tight-S,2.0,WDRO-inject-K1,0.001333,0.000366,0.004849,0.000000,0.000000,0.000073,0.000000,0.000000,0.000159,2.0981,1.3684,0.9580,0.813,1500
Tight-S,2.0,TopRisk-K1,0.005333,0.002705,0.010489,0.000000,0.000000,0.000073,0.000000,0.000000,0.000164,2.0775,1.3373,0.9580,0.815,1500
Straight,1.3,Base,0.618000,0.593139,0.642258,0.748137,0.745320,0.750933,0.852618,0.849217,0.855955,0.7928,0.1465,0.9475,0.815,1500
Straight,1.3,WDRO-inject-K1,0.210000,0.190141,0.231340,0.000000,0.000000,0.000052,0.000000,0.000000,0.000114,1.0017,0.5478,0.9606,0.913,1500
Straight,1.3,TopRisk-K1,0.196000,0.176698,0.216855,0.000000,0.000000,0.000052,0.000000,0.000000,0.000112,1.0121,0.5511,0.9605,0.911,1500
Straight,1.5,Base,0.557333,0.532082,0.582292,0.745619,0.742718,0.748499,0.854722,0.851233,0.858144,0.8178,0.1402,0.9413,0.799,1500
Straight,1.5,WDRO-inject-K1,0.186667,0.167757,0.207177,0.000000,0.000000,0.000054,0.000000,0.000000,0.000117,1.0098,0.5389,0.9601,0.902,1500
Straight,1.5,TopRisk-K1,0.207333,0.187578,0.228584,0.000000,0.000000,0.000053,0.000000,0.000000,0.000117,1.0026,0.4931,0.9604,0.903,1500
Straight,1.7,Base,0.612667,0.587756,0.637002,0.737498,0.734599,0.740377,0.840555,0.836984,0.844062,0.7779,0.1327,0.9390,0.802,1500
Straight,1.7,WDRO-inject-K1,0.196000,0.176698,0.216855,0.000000,0.000000,0.000052,0.000000,0.000000,0.000112,1.0228,0.5550,0.9608,0.905,1500
Straight,1.7,TopRisk-K1,0.188667,0.169672,0.209252,0.000000,0.000000,0.000052,0.000000,0.000000,0.000111,1.0247,0.5543,0.9610,0.905,1500
Straight,2.0,Base,0.668667,0.644442,0.692030,0.727777,0.724804,0.730731,0.816875,0.813077,0.820612,0.7198,0.1086,0.9470,0.810,1500
Straight,2.0,WDRO-inject-K1,0.137333,0.120839,0.155681,0.000000,0.000000,0.000055,0.000000,0.000000,0.000121,1.0413,0.6593,0.9603,0.892,1500
Straight,2.0,TopRisk-K1,0.167333,0.149298,0.187068,0.000000,0.000000,0.000055,0.000000,0.000000,0.000119,1.0302,0.6377,0.9607,0.898,1500
