obstacle_speed,path,method,collision_rate,coll_ci_lo,coll_ci_hi,missed_mode_rate,mm_ci_lo,mm_ci_hi,rare_miss_rate,rare_ci_lo,rare_ci_hi,mean_clearance,p5_clearance,mean_progress,mean_solve_ms,n_rollouts
0.8,Straight,Base,0.564000,0.533078,0.594433,0.737515,0.734042,0.740958,0.831010,0.826652,0.835281,0.8013,0.1339,0.9279,0.932,1000
0.8,Straight,WDRO-inject-K1,0.151000,0.130146,0.174525,0.000000,0.000000,0.000076,0.000000,0.000000,0.000164,1.0469,0.6251,0.9600,1.052,1000
0.8,Straight,TopRisk-K1,0.127000,0.107780,0.149075,0.000000,0.000000,0.000076,0.000000,0.000000,0.000168,1.0565,0.6343,0.9606,1.020,1000
0.8,Straight,WDRO-sampling,0.164000,0.142344,0.188228,0.045019,0.043258,0.046847,0.047659,0.045014,0.050452,1.0505,0.5730,0.9607,1.034,1000
0.8,S-curve,Base,0.744000,0.716052,0.770080,0.751777,0.748116,0.755402,0.862808,0.858504,0.867002,0.6942,0.1777,0.9389,0.941,1000
0.8,S-curve,WDRO-inject-K1,0.133000,0.113351,0.155458,0.000000,0.000000,0.000080,0.000000,0.000000,0.000174,1.0818,0.5090,0.9579,1.108,1000
0.8,S-curve,TopRisk-K1,0.121000,0.102223,0.142677,0.000000,0.000000,0.000080,0.000000,0.000000,0.000176,1.1006,0.5149,0.9578,1.106,1000
0.8,S-curve,WDRO-sampling,0.159000,0.137646,0.182964,0.045096,0.043287,0.046978,0.044843,0.042213,0.047629,1.0950,0.4577,0.9577,1.015,1000
0.8,Tight-S,Base,0.978000,0.966914,0.985427,0.709884,0.705040,0.714681,0.849977,0.844214,0.855564,0.3831,0.1010,0.9568,0.920,1000
0.8,Tight-S,WDRO-inject-K1,0.254000,0.227997,0.281886,0.000000,0.000000,0.000090,0.000000,0.000000,0.000197,0.9917,0.2227,0.9578,1.187,1000
0.8,Tight-S,TopRisk-K1,0.260000,0.233768,0.288069,0.000000,0.000000,0.000091,0.000000,0.000000,0.000201,0.9721,0.2026,0.9576,1.145,1000
0.8,Tight-S,WDRO-sampling,0.285000,0.257885,0.313760,0.060956,0.058736,0.063254,0.048750,0.045851,0.051822,0.9634,0.1785,0.9578,1.150,1000
1.0,Straight,Base,0.613000,0.582434,0.642701,0.762173,0.758871,0.765443,0.870960,0.867110,0.874715,0.7832,0.1107,0.9308,0.881,1000
1.0,Straight,WDRO-inject-K1,0.180000,0.157427,0.205023,0.000000,0.000000,0.000079,0.000000,0.000000,0.000174,1.0147,0.5006,0.9597,0.945,1000
1.0,Straight,TopRisk-K1,0.158000,0.136707,0.181910,0.000000,0.000000,0.000079,0.000000,0.000000,0.000171,1.0245,0.5882,0.9597,0.953,1000
1.0,Straight,WDRO-sampling,0.166000,0.144225,0.190331,0.050459,0.048539,0.052451,0.056086,0.053148,0.059177,1.0434,0.5810,0.9602,0.976,1000
1.0,S-curve,Base,0.384000,0.354354,0.414534,0.748769,0.745441,0.752068,0.844650,0.840585,0.848630,1.1128,0.2423,0.9135,0.863,1000
1.0,S-curve,WDRO-inject-K1,0.208000,0.183984,0.234251,0.000000,0.000000,0.000081,0.000000,0.000000,0.000173,1.0987,0.3927,0.9575,0.952,1000
1.0,S-curve,TopRisk-K1,0.190000,0.166889,0.215484,0.000000,0.000000,0.000081,0.000000,0.000000,0.000176,1.1140,0.3577,0.9577,0.964,1000
1.0,S-curve,WDRO-sampling,0.221000,0.196378,0.247758,0.041106,0.039370,0.042916,0.034834,0.032501,0.037328,1.0961,0.3203,0.9573,0.973,1000
1.0,Tight-S,Base,0.828000,0.803366,0.850124,0.714561,0.709790,0.719285,0.824923,0.818956,0.830735,0.6004,0.2260,0.9569,0.826,1000
1.0,Tight-S,WDRO-inject-K1,0.093000,0.076523,0.112592,0.000000,0.000000,0.000100,0.000000,0.000000,0.000226,1.1291,0.5103,0.9573,0.935,1000
1.0,Tight-S,TopRisk-K1,0.079000,0.063847,0.097375,0.000000,0.000000,0.000100,0.000000,0.000000,0.000221,1.1442,0.6081,0.9573,0.929,1000
1.0,Tight-S,WDRO-sampling,0.096000,0.079257,0.115836,0.048060,0.045990,0.050218,0.056109,0.052820,0.059590,1.1767,0.4755,0.9571,0.910,1000
1.3,Straight,Base,0.617000,0.586477,0.646628,0.759815,0.756423,0.763174,0.872589,0.868697,0.876382,0.8104,0.1548,0.9485,0.843,1000
1.3,Straight,WDRO-inject-K1,0.160000,0.138585,0.184017,0.000000,0.000000,0.000079,0.000000,0.000000,0.000172,1.0262,0.6155,0.9607,0.912,1000
1.3,Straight,TopRisk-K1,0.216000,0.191607,0.242567,0.000000,0.000000,0.000077,0.000000,0.000000,0.000165,0.9995,0.5598,0.9609,0.922,1000
1.3,Straight,WDRO-sampling,0.208000,0.183984,0.234251,0.045274,0.043486,0.047133,0.047370,0.044718,0.050171,1.0152,0.5774,0.9605,0.915,1000
1.3,S-curve,Base,0.238000,0.212639,0.265366,0.754074,0.750686,0.757430,0.862126,0.858101,0.866055,1.4460,0.3872,0.9250,0.846,1000
1.3,S-curve,WDRO-inject-K1,0.155000,0.133893,0.178747,0.000000,0.000000,0.000089,0.000000,0.000000,0.000195,1.1131,0.2495,0.9591,0.918,1000
1.3,S-curve,TopRisk-K1,0.139000,0.118936,0.161827,0.000000,0.000000,0.000089,0.000000,0.000000,0.000195,1.1245,0.2905,0.9593,0.922,1000
1.3,S-curve,WDRO-sampling,0.108000,0.090241,0.128759,0.036604,0.034867,0.038425,0.035473,0.032988,0.038138,1.1787,0.3671,0.9592,0.910,1000
1.3,Tight-S,Base,0.395000,0.365158,0.425646,0.712018,0.707428,0.716565,0.836249,0.830568,0.841775,1.0134,0.2939,0.9544,0.802,1000
1.3,Tight-S,WDRO-inject-K1,0.041000,0.030365,0.055148,0.000000,0.000000,0.000108,0.000000,0.000000,0.000240,1.2844,0.9933,0.9569,0.854,1000
1.3,Tight-S,TopRisk-K1,0.063000,0.049549,0.079795,0.000000,0.000000,0.000107,0.000000,0.000000,0.000244,1.2622,0.5312,0.9568,0.857,1000
1.3,Tight-S,WDRO-sampling,0.034000,0.024431,0.047135,0.027967,0.026313,0.029722,0.023438,0.021220,0.025882,1.3352,1.0365,0.9569,0.853,1000
