num_modes,method,collision_rate,coll_ci_lo,coll_ci_hi,missed_mode_rate,mm_ci_lo,mm_ci_hi,rare_miss_rate,rare_ci_lo,rare_ci_hi,mean_clearance,p5_clearance,mean_progress,mean_solve_ms,n_rollouts
2,Base,0.770000,0.742913,0.795021,0.528255,0.523895,0.532611,0.812866,0.808606,0.817054,0.6717,0.2477,0.9449,0.821,1000
2,WDRO-sampling,0.110000,0.092079,0.130906,0.066720,0.064562,0.068945,0.086355,0.083324,0.089485,1.0205,0.7384,0.9589,0.907,1000
2,WDRO-inject-K1,0.106000,0.088405,0.126611,0.000580,0.000404,0.000833,0.000901,0.000627,0.001294,1.0149,0.7465,0.9589,0.902,1000
2,WDRO-inject-K2,0.102000,0.084739,0.122307,0.000000,0.000000,0.000077,0.000000,0.000000,0.000119,1.0243,0.7675,0.9591,0.902,1000
2,WDRO-inject-K3,0.096000,0.079257,0.115836,0.000000,0.000000,0.000077,0.000000,0.000000,0.000120,1.0237,0.7547,0.9589,0.902,1000
2,TopRisk-K1,0.092000,0.075614,0.111509,0.000644,0.000457,0.000910,0.001004,0.000712,0.001418,1.0256,0.7864,0.9591,0.901,1000
2,TopRisk-K2,0.096000,0.079257,0.115836,0.000664,0.000473,0.000933,0.001036,0.000738,0.001454,1.0247,0.7751,0.9589,0.899,1000
2,TopRisk-K3,0.103000,0.085655,0.123384,0.000463,0.000309,0.000695,0.000722,0.000481,0.001084,1.0191,0.7639,0.9590,0.900,1000
3,Base,0.858000,0.834994,0.878266,0.642534,0.638262,0.646783,0.846625,0.842189,0.850959,0.5119,0.1075,0.9502,0.819,1000
3,WDRO-sampling,0.144000,0.123601,0.167124,0.068582,0.066374,0.070858,0.068053,0.065124,0.071103,1.0628,0.3561,0.9589,0.889,1000
3,WDRO-inject-K1,0.126000,0.106853,0.148010,0.003706,0.003201,0.004291,0.001511,0.001110,0.002057,1.0672,0.4129,0.9594,0.888,1000
3,WDRO-inject-K2,0.119000,0.100375,0.140541,0.003530,0.003037,0.004103,0.000796,0.000520,0.001216,1.0743,0.4432,0.9593,0.893,1000
3,WDRO-inject-K3,0.125000,0.105926,0.146944,0.000167,0.000085,0.000329,0.000151,0.000059,0.000389,1.0719,0.4458,0.9594,0.895,1000
3,TopRisk-K1,0.132000,0.112421,0.154395,0.003774,0.003266,0.004361,0.002095,0.001610,0.002726,1.0601,0.3599,0.9595,0.891,1000
3,TopRisk-K2,0.137000,0.117073,0.159706,0.003565,0.003071,0.004137,0.001617,0.001196,0.002184,1.0619,0.4041,0.9593,0.894,1000
3,TopRisk-K3,0.139000,0.118936,0.161827,0.003327,0.002852,0.003881,0.001455,0.001060,0.001996,1.0514,0.3755,0.9591,0.897,1000
4,Base,0.457000,0.426348,0.487981,0.684624,0.680542,0.688678,0.820906,0.816044,0.825667,0.9313,0.2565,0.9461,0.816,1000
4,WDRO-sampling,0.080000,0.064748,0.098467,0.047887,0.045975,0.049874,0.019809,0.018084,0.021695,1.1142,0.7537,0.9590,0.890,1000
4,WDRO-inject-K1,0.078000,0.062947,0.096283,0.008383,0.007591,0.009258,0.002187,0.001655,0.002890,1.0957,0.7367,0.9592,0.889,1000
4,WDRO-inject-K2,0.073000,0.058459,0.090809,0.007464,0.006717,0.008295,0.001570,0.001129,0.002183,1.0949,0.7537,0.9592,0.892,1000
4,WDRO-inject-K3,0.082000,0.066552,0.100648,0.005307,0.004682,0.006015,0.000718,0.000442,0.001167,1.0990,0.7500,0.9591,0.894,1000
4,TopRisk-K1,0.088000,0.071981,0.107173,0.008474,0.007676,0.009355,0.002351,0.001793,0.003081,1.0898,0.7117,0.9590,0.892,1000
4,TopRisk-K2,0.097000,0.080169,0.116916,0.008336,0.007545,0.009208,0.002028,0.001516,0.002712,1.0886,0.6998,0.9589,0.895,1000
4,TopRisk-K3,0.081000,0.065649,0.099558,0.008088,0.007310,0.008949,0.002114,0.001590,0.002810,1.0935,0.7169,0.9591,0.894,1000
5,Base,0.810000,0.784516,0.833111,0.729691,0.725847,0.733501,0.834530,0.829714,0.839236,0.6073,0.1320,0.9429,0.816,1000
5,WDRO-sampling,0.134000,0.114281,0.156521,0.060972,0.058870,0.063145,0.051295,0.048475,0.054269,1.1110,0.5654,0.9581,0.932,1000
5,WDRO-inject-K1,0.137000,0.117073,0.159706,0.012829,0.011860,0.013875,0.002598,0.002006,0.003364,1.0721,0.4909,0.9581,0.938,1000
5,WDRO-inject-K2,0.148000,0.127339,0.171356,0.011833,0.010905,0.012839,0.002509,0.001928,0.003264,1.0728,0.4780,0.9583,0.929,1000
5,WDRO-inject-K3,0.162000,0.140464,0.186123,0.010236,0.009377,0.011174,0.001225,0.000842,0.001782,1.0620,0.4884,0.9581,0.934,1000
5,TopRisk-K1,0.152000,0.131082,0.175581,0.013630,0.012635,0.014703,0.002852,0.002234,0.003640,1.0686,0.4350,0.9581,0.921,1000
5,TopRisk-K2,0.139000,0.118936,0.161827,0.012549,0.011593,0.013583,0.002324,0.001773,0.003046,1.0790,0.4913,0.9581,0.920,1000
5,TopRisk-K3,0.141000,0.120801,0.163947,0.013179,0.012199,0.014236,0.002855,0.002237,0.003644,1.0816,0.5305,0.9580,0.922,1000
6,Base,0.714000,0.685214,0.741148,0.767736,0.764050,0.771383,0.860723,0.856138,0.865186,0.6851,0.1943,0.9443,0.815,1000
6,WDRO-sampling,0.130000,0.110563,0.152268,0.069352,0.067135,0.071638,0.060505,0.057416,0.063748,1.0644,0.6034,0.9586,0.944,1000
6,WDRO-inject-K1,0.127000,0.107780,0.149075,0.018516,0.017358,0.019750,0.002834,0.002203,0.003646,1.0487,0.6119,0.9586,0.946,1000
6,WDRO-inject-K2,0.136000,0.116142,0.158644,0.016473,0.015381,0.017641,0.002608,0.002005,0.003393,1.0530,0.6149,0.9585,0.948,1000
6,WDRO-inject-K3,0.123000,0.104074,0.144812,0.014383,0.013363,0.015480,0.001374,0.000957,0.001973,1.0487,0.6057,0.9587,0.948,1000
6,TopRisk-K1,0.146000,0.125469,0.169241,0.016964,0.015855,0.018149,0.002822,0.002197,0.003622,1.0447,0.5964,0.9585,0.949,1000
6,TopRisk-K2,0.136000,0.116142,0.158644,0.016553,0.015460,0.017722,0.002339,0.001780,0.003074,1.0461,0.5582,0.9586,0.946,1000
6,TopRisk-K3,0.138000,0.118004,0.160766,0.017243,0.016127,0.018435,0.003081,0.002427,0.003911,1.0509,0.5881,0.9584,0.944,1000
7,Base,0.646000,0.615853,0.675029,0.844289,0.841162,0.847365,1.000000,0.999829,1.000000,0.7414,0.2232,0.9402,0.812,1000
7,WDRO-sampling,0.083000,0.067455,0.101737,0.470780,0.466425,0.475139,1.000000,0.999825,1.000000,1.0960,0.6922,0.9579,0.941,1000
7,WDRO-inject-K1,0.085000,0.069263,0.103913,0.433642,0.429329,0.437965,1.000000,0.999821,1.000000,1.0651,0.7232,0.9579,0.940,1000
7,WDRO-inject-K2,0.101000,0.083824,0.121230,0.433451,0.429127,0.437786,1.000000,0.999820,1.000000,1.0611,0.6469,0.9579,0.946,1000
7,WDRO-inject-K3,0.088000,0.071981,0.107173,0.431386,0.427054,0.435728,1.000000,0.999820,1.000000,1.0727,0.6909,0.9582,0.947,1000
7,TopRisk-K1,0.080000,0.064748,0.098467,0.434078,0.429739,0.438426,1.000000,0.999819,1.000000,1.0729,0.7095,0.9582,0.944,1000
7,TopRisk-K2,0.095000,0.078345,0.114755,0.435024,0.430695,0.439363,1.000000,0.999821,1.000000,1.0618,0.6822,0.9581,0.939,1000
7,TopRisk-K3,0.107000,0.089323,0.127685,0.435672,0.431357,0.439996,1.000000,0.999822,1.000000,1.0718,0.6766,0.9581,0.942,1000
8,Base,0.552000,0.521037,0.582565,0.868221,0.865287,0.871100,1.000000,0.999825,1.000000,0.7968,0.2781,0.9416,0.814,1000
8,WDRO-sampling,0.090000,0.073796,0.109342,0.524529,0.520187,0.528867,1.000000,0.999822,1.000000,1.1014,0.6669,0.9580,0.938,1000
8,WDRO-inject-K1,0.081000,0.065649,0.099558,0.492126,0.487754,0.496498,1.000000,0.999812,1.000000,1.0840,0.7095,0.9580,0.939,1000
8,WDRO-inject-K2,0.062000,0.048664,0.078688,0.490166,0.485769,0.494565,1.000000,0.999809,1.000000,1.0910,0.7954,0.9580,0.943,1000
8,WDRO-inject-K3,0.074000,0.059355,0.091906,0.490334,0.485979,0.494691,1.000000,0.999814,1.000000,1.0780,0.7279,0.9582,0.957,1000
8,TopRisk-K1,0.071000,0.056669,0.088614,0.494550,0.490176,0.498925,1.000000,0.999814,1.000000,1.0806,0.7796,0.9578,0.965,1000
8,TopRisk-K2,0.067000,0.053102,0.084212,0.495597,0.491229,0.499967,1.000000,0.999814,1.000000,1.0850,0.8005,0.9577,0.968,1000
8,TopRisk-K3,0.068000,0.053992,0.085314,0.493530,0.489158,0.497902,1.000000,0.999814,1.000000,1.0870,0.7943,0.9576,0.962,1000
9,Base,0.547000,0.516026,0.577615,0.869067,0.866137,0.871943,1.000000,0.999818,1.000000,0.7995,0.2674,0.9410,0.827,1000
9,WDRO-sampling,0.084000,0.068359,0.102825,0.577428,0.573125,0.581718,1.000000,0.999817,1.000000,1.1161,0.7150,0.9576,0.957,1000
9,WDRO-inject-K1,0.061000,0.047780,0.077580,0.543561,0.539176,0.547939,1.000000,0.999809,1.000000,1.0948,0.8081,0.9579,0.945,1000
9,WDRO-inject-K2,0.071000,0.056669,0.088614,0.543660,0.539331,0.547983,1.000000,0.999814,1.000000,1.0856,0.7561,0.9577,0.946,1000
9,WDRO-inject-K3,0.085000,0.069263,0.103913,0.543967,0.539634,0.548293,1.000000,0.999814,1.000000,1.0835,0.7246,0.9582,0.945,1000
9,TopRisk-K1,0.081000,0.065649,0.099558,0.551638,0.547322,0.555946,1.000000,0.999817,1.000000,1.0829,0.7212,0.9578,0.944,1000
9,TopRisk-K2,0.073000,0.058459,0.090809,0.550095,0.545758,0.554424,1.000000,0.999816,1.000000,1.0848,0.7441,0.9577,0.943,1000
9,TopRisk-K3,0.071000,0.056669,0.088614,0.551568,0.547239,0.555889,1.000000,0.999816,1.000000,1.0934,0.7922,0.9578,0.941,1000
10,Base,0.471000,0.440232,0.501990,0.877637,0.874815,0.880405,1.000000,0.999818,1.000000,0.8480,0.3027,0.9395,0.810,1000
10,WDRO-sampling,0.067000,0.053102,0.084212,0.603050,0.598788,0.607295,1.000000,0.999812,1.000000,1.1295,0.7868,0.9578,0.941,1000
10,WDRO-inject-K1,0.063000,0.049549,0.079795,0.591221,0.586924,0.595504,1.000000,0.999811,1.000000,1.0975,0.7910,0.9578,0.942,1000
10,WDRO-inject-K2,0.078000,0.062947,0.096283,0.591282,0.586997,0.595553,1.000000,0.999813,1.000000,1.0951,0.7574,0.9577,0.943,1000
10,WDRO-inject-K3,0.058000,0.045133,0.074250,0.590875,0.586561,0.595175,1.000000,0.999809,1.000000,1.1029,0.8344,0.9579,0.947,1000
10,TopRisk-K1,0.084000,0.068359,0.102825,0.577665,0.573377,0.581942,1.000000,0.999809,1.000000,1.0932,0.7309,0.9575,0.940,1000
10,TopRisk-K2,0.077000,0.062048,0.095190,0.577119,0.572820,0.581406,1.000000,0.999808,1.000000,1.0811,0.7415,0.9575,0.944,1000
10,TopRisk-K3,0.072000,0.057564,0.089712,0.576467,0.572158,0.580765,1.000000,0.999807,1.000000,1.0987,0.7843,0.9576,0.943,1000
