step,time_s,actor,obstacle_id,mode,x,y,theta,v,vx,vy,path_progress,minimum_clearance,ambiguity_radius,solve_time_ms,collision
0,0,ego,-1,,0,0,0,1.5,,,0,2.0542434376742857,0,0,0
0,0,obstacle,0,constant_velocity,5,0.15962027693564573,,,0.26866578771266175,0,0,2.0542434376742857,0,0,0
1,0.10000000000000001,ego,-1,,0.15992081425322666,0.00019238414514041432,0.0023572461583386147,1.6984193390030522,,,0.15992081425322666,1.9211227969797939,0.060819616480126126,142.720133,0
1,0.10000000000000001,obstacle,0,constant_velocity,5.0268665787712665,0.15962027693564573,,,0.26866578771266175,0,0.15992081425322666,1.9211227969797939,0.060819616480126126,142.720133,0
2,0.20000000000000001,ego,-1,,0.33116760347654522,0.0012551948035240488,0.010034166319925489,1.726590816507487,,,0.33116760347654522,1.7761763563751181,0.055797997529532364,137.08130199999999,0
2,0.20000000000000001,obstacle,0,constant_velocity,5.053733157542533,0.15962027693564573,,,0.26866578771266175,0,0.33116760347654522,1.7761763563751181,0.055797997529532364,137.08130199999999,0
3,0.30000000000000004,ego,-1,,0.50279972766708336,0.0056255884571353937,0.040940157180010539,1.707301014014833,,,0.50279972766708336,1.6304498768004569,0.062149781250773813,299.50616000000002,0
3,0.30000000000000004,obstacle,0,turn_right,5.0805876472600717,0.15881440046667186,,,0.26854489717538937,-0.008058764689738802,0.50279972766708336,1.6304498768004569,0.062149781250773813,299.50616000000002,0
4,0.40000000000000002,ego,-1,,0.67205847475324332,0.010967664764052996,0.02211077249454349,1.6796095850736337,,,0.67205847475324332,1.4879716917943571,0.06241429726946339,128.11621100000002,0
4,0.40000000000000002,obstacle,0,turn_right,5.1074058806957616,0.15720337276315113,,,0.26818233435689592,-0.016110277035207135,0.67205847475324332,1.4879716917943571,0.06241429726946339,128.11621100000002,0
5,0.5,ego,-1,,0.83931800075592955,0.019035471866193754,0.074335758610206859,1.6698508243980015,,,0.83931800075592955,1.3504044917525102,0.059624656724220265,258.24303999999995,0
5,0.5,obstacle,0,turn_right,5.134163723249686,0.15478864364127565,,,0.26757842553924577,-0.024147291218754863,0.83931800075592955,1.3504044917525102,0.059624656724220265,258.24303999999995,0
6,0.60000000000000009,ego,-1,,1.0056228729420671,0.033010964330222298,0.09334450026410554,1.6680205683307574,,,1.0056228729420671,1.2150442168649749,0.053032507898096763,133.63647900000001,0
6,0.60000000000000009,obstacle,0,constant_velocity,5.1609215658036103,0.15237391451940016,,,0.26757842553924577,-0.024147291218754863,1.0056228729420671,1.2150442168649749,0.053032507898096763,133.63647900000001,0
7,0.70000000000000007,ego,-1,,1.1718966677750118,0.051016878645031405,0.12237028788569251,1.6770146580684084,,,1.1718966677750118,1.0859251321118413,0.050232997759160847,227.20746,0
7,0.70000000000000007,obstacle,0,turn_left,5.1877397992393002,0.15076288681587946,,,0.26818233435689592,-0.016110277035207135,1.1718966677750118,1.0859251321118413,0.050232997759160847,227.20746,0
8,0.80000000000000004,ego,-1,,1.3376389478278197,0.073401849121726231,0.14614420627281077,1.6680059869031569,,,1.3376389478278197,0.96046323612778384,0.048877640862845177,125.75743900000001,0
8,0.80000000000000004,obstacle,0,turn_right,5.2144976417932245,0.14834815769400397,,,0.26757842553924577,-0.024147291218754863,1.3376389478278197,0.96046323612778384,0.048877640862845177,125.75743900000001,0
9,0.90000000000000002,ego,-1,,1.5019106852309334,0.10000894017801115,0.17502887537045986,1.6603609693521362,,,1.5019106852309334,0.84559275171207093,0.047027333812881461,127.28497299999999,0
9,0.90000000000000002,obstacle,0,turn_right,5.2411710132131857,0.14513190024699407,,,0.26673371419961217,-0.032162574470098973,1.5019106852309334,0.84559275171207093,0.047027333812881461,127.28497299999999,0
10,1,ego,-1,,1.6611010740848313,0.12637544409283205,0.1530360622268577,1.5668868750894109,,,1.6611010740848313,0.70559671106794797,0.043778659463403341,295.00368599999996,0
10,1,obstacle,0,constant_velocity,5.2678443846331469,0.14191564279998417,,,0.26673371419961217,-0.032162574470098973,1.6611010740848313,0.70559671106794797,0.043778659463403341,295.00368599999996,0
11,1.1000000000000001,ego,-1,,1.8159619480690663,0.14818459257609348,0.12676835938650488,1.5609836835844841,,,1.8159619480690663,0.56748546854302662,0.04220261985967283,125.868323,0
11,1.1000000000000001,obstacle,0,turn_right,5.2944092806852652,0.13790075144245129,,,0.26564896052118453,-0.04014891357532864,1.8159619480690663,0.56748546854302662,0.04220261985967283,125.868323,0
12,1.2000000000000002,ego,-1,,1.9713352531544266,0.16489145719515455,0.087478157872768442,1.5645962579390245,,,1.9713352531544266,0.42277946873995842,0.040565655525204476,125.18004199999999,0
12,1.2000000000000002,obstacle,0,turn_right,5.3208417947561708,0.13309083930562018,,,0.26432514070905472,-0.048099121368310876,1.9713352531544266,0.42277946873995842,0.040565655525204476,125.18004199999999,0
13,1.3,ego,-1,,2.1025959190025878,0.17146180129896121,0.0074785193339143019,1.0645964014998361,,,2.1025959190025878,0.29597244408431811,0.03894638549606156,220.278921,0
13,1.3,obstacle,0,turn_right,5.3471181393673399,0.12749023498575471,,,0.2627634461116985,-0.056006043198654931,2.1025959190025878,0.29597244408431811,0.03894638549606156,220.278921,0
14,1.4000000000000001,ego,-1,,2.1840016313983828,0.1691468541388203,-0.072521470287218365,0.5645967757576773,,,2.1840016313983828,0.24885521922404785,0.038519893689298347,121.82811599999999,0
14,1.4000000000000001,obstacle,0,turn_left,5.3735506534382447,0.12268032284892361,,,0.26432514070905472,-0.048099121368310883,2.1840016313983828,0.24885521922404785,0.038519893689298347,121.82811599999999,0
15,1.5,ego,-1,,2.2171463406180107,0.16571182445045593,-0.15252132161197574,0.1019970801513459,,,2.2171463406180107,0.28261217995333121,0.037203650114098499,119.415938,0
15,1.5,obstacle,0,turn_right,5.3998269980494138,0.11707971852905812,,,0.2627634461116985,-0.056006043198654938,2.2171463406180107,0.28261217995333121,0.037203650114098499,119.415938,0
16,1.6000000000000001,ego,-1,,2.2422017900385023,0.16308128517957871,-0.072555477311929767,0.40198451685775516,,,2.2422017900385023,0.24258387046728003,0.035917497099843217,270.58190999999999,0
16,1.6000000000000001,obstacle,0,turn_right,5.425923526264298,0.11069346219201665,,,0.26096528214884224,-0.06386256337041471,2.2422017900385023,0.24258387046728003,0.035917497099843217,270.58190999999999,0
17,1.7000000000000002,ego,-1,,2.2973625723812634,0.16147570993669544,0.0071387082482552711,0.70198328588091585,,,2.2973625723812634,0.20676215107031104,0.034682468546315286,128.72082600000002,0
17,1.7000000000000002,obstacle,0,turn_right,5.4518167529689663,0.10352730103744316,,,0.25893226704668015,-0.071661611545734819,2.2973625723812634,0.20676215107031104,0.034682468546315286,128.72082600000002,0
18,1.8,ego,-1,,2.3825499423554382,0.1605360815776728,-0.027183987321041596,1.0019505248312266,,,2.3825499423554382,0.14594290027121737,0.033430805640357532,118.41729199999999,0
18,1.8,obstacle,0,constant_velocity,5.4777099796736346,0.096361139882869679,,,0.25893226704668015,-0.071661611545734819,2.3825499423554382,0.14594290027121737,0.033430805640357532,118.41729199999999,0
19,1.9000000000000001,ego,-1,,2.4974850798417947,0.15319388016392299,-0.097359598265552821,1.3019077553296921,,,2.4974850798417947,0.073605511321445549,0.032389913636922806,120.417929,0
19,1.9000000000000001,obstacle,0,turn_right,5.5033766027117919,0.088421522972101943,,,0.25666623038157976,-0.079396169107677425,2.4974850798417947,0.073605511321445549,0.032389913636922806,120.417929,0
20,2,ego,-1,,2.6289532739156241,0.13557146698764658,-0.16869348832409642,1.3515350663413617,,,2.6289532739156241,0.019522622650165689,0.031388866347322832,229.592443,0
20,2,obstacle,0,turn_right,5.5287935238551507,0.079715595424451557,,,0.25416921143358673,-0.087059275476503759,2.6289532739156241,0.019522622650165689,0.031388866347322832,229.592443,0
21,2.1000000000000001,ego,-1,,2.7583540429033038,0.10835238680888065,-0.24652217085525913,1.2937826372665759,,,2.7583540429033038,0.018275901393298377,0.03137372673262584,197.630244,0
21,2.1000000000000001,obstacle,0,turn_left,5.5544601468933088,0.071775978513683822,,,0.25666623038157976,-0.079396169107677425,2.7583540429033038,0.018275901393298377,0.03137372673262584,197.630244,0
22,2.2000000000000002,ego,-1,,2.8814500189781529,0.074798870663181527,-0.28589136638707702,1.2581233417599376,,,2.8814500189781529,0.0054144252250648561,0.030507296800022666,120.940006,0
22,2.2000000000000002,obstacle,0,turn_right,5.5798770680366676,0.063070050966033436,,,0.25416921143358673,-0.087059275476503759,2.8814500189781529,0.0054144252250648561,0.030507296800022666,120.940006,0
23,2.3000000000000003,ego,-1,,3.0012579700590334,0.036038819806289549,-0.33987294524861517,1.2606174230039411,,,3.0012579700590334,0.043415987614162987,0.030341239234621818,221.32391700000002,0
23,2.3000000000000003,obstacle,0,turn_left,5.6055436910748258,0.055130434055265701,,,0.25666623038157976,-0.079396169107677425,3.0012579700590334,0.043415987614162987,0.030341239234621818,221.32391700000002,0
24,2.4000000000000004,ego,-1,,3.1197245695341254,-0.0059789146184568223,-0.34180490588476925,1.2533300793703079,,,3.1197245695341254,0.0067947639218884914,0.029582566137765842,130.948542,0
24,2.4000000000000004,obstacle,0,turn_right,5.6309606122181846,0.046424506507615329,,,0.25416921143358673,-0.087059275476503759,3.1197245695341254,0.0067947639218884914,0.029582566137765842,130.948542,0
25,2.5,ego,-1,,3.235860506191365,-0.04833964064682026,-0.35777944073630691,1.2191028806422226,,,3.235860506191365,0.0088370111160249731,0.029348602182670384,225.99432400000001,0
25,2.5,obstacle,0,turn_left,5.6566272352563427,0.03848488959684758,,,0.25666623038157976,-0.079396169107677425,3.235860506191365,0.0088370111160249731,0.029348602182670384,225.99432400000001,0
26,2.6000000000000001,ego,-1,,3.3476329504612736,-0.090541619566087056,-0.36430966389763192,1.1703855199119955,,,3.3476329504612736,0.0042646106472273848,0.028679370300847679,123.17154199999999,0
26,2.6000000000000001,obstacle,0,turn_right,5.6820441563997015,0.029778962049197204,,,0.25416921143358673,-0.087059275476503759,3.3476329504612736,0.0042646106472273848,0.028679370300847679,123.17154199999999,0
27,2.7000000000000002,ego,-1,,3.4558111754637997,-0.13216814154347187,-0.37037190077152421,1.1478324889724436,,,3.4558111754637997,0.0080458225901385294,0.028028013082766985,119.122111,0
27,2.7000000000000002,obstacle,0,turn_right,5.7071885021348221,0.020314558611824598,,,0.25144345735121054,-0.094644034373726052,3.4558111754637997,0.0080458225901385294,0.028028013082766985,119.122111,0
28,2.8000000000000003,ego,-1,,3.5624110654327326,-0.17461004058221261,-0.38743761073758187,1.1469590787751656,,,3.5624110654327326,0.042616189485907729,0.027398599319304478,216.93923000000001,0
28,2.8000000000000003,obstacle,0,turn_right,5.732037644247737,0.01010019660899533,,,0.24849142112914249,-0.10214362002829266,3.5624110654327326,0.042616189485907729,0.027398599319304478,216.93923000000001,0
29,2.9000000000000004,ego,-1,,3.6698620360023555,-0.21701537059762163,-0.36438558810764582,1.1634100693768432,,,3.6698620360023555,0.0057448930882011418,0.027238207517959061,128.25610500000002,0
29,2.9000000000000004,obstacle,0,turn_left,5.7571819899828585,0.00063579317162272379,,,0.25144345735121054,-0.094644034373726066,3.6698620360023555,0.0057448930882011418,0.027238207517959061,128.25610500000002,0
30,3,ego,-1,,3.7783630403575383,-0.25785390512636708,-0.35557899487970762,1.1552395991082551,,,3.7783630403575383,0.0032800459321700171,0.026672671540273345,138.74063599999999,0
30,3,obstacle,0,turn_right,5.7820311320957734,-0.0095785688312065454,,,0.24849142112914249,-0.10214362002829268,3.7783630403575383,0.0032800459321700171,0.026672671540273345,138.74063599999999,0
31,3.1000000000000001,ego,-1,,3.8853437081820319,-0.29701802392268239,-0.34624290795127638,1.1232498790067327,,,3.8853437081820319,0.0075650504803588259,0.026486375788312005,232.233699,0
31,3.1000000000000001,obstacle,0,turn_left,5.8071754778308948,-0.019042972268579154,,,0.25144345735121054,-0.09464403437372608,3.8853437081820319,0.0075650504803588259,0.026486375788312005,232.233699,0
32,3.2000000000000002,ego,-1,,3.9890300954104907,-0.3335485069752715,-0.33112253524304625,1.0754382122044253,,,3.9890300954104907,0.005725126988112339,0.025977804928696627,130.40106700000001,0
32,3.2000000000000002,obstacle,0,turn_right,5.8320246199438097,-0.029257334271408426,,,0.24849142112914249,-0.10214362002829269,3.9890300954104907,0.005725126988112339,0.025977804928696627,130.40106700000001,0
33,3.3000000000000003,ego,-1,,4.0909246589513426,-0.36758178385836743,-0.31358080160436702,1.0731484818513186,,,4.0909246589513426,0.0041660230077876781,0.025481416173752533,127.48403999999999,0
33,3.3000000000000003,obstacle,0,turn_right,5.8565561958838819,-0.040212462603340562,,,0.24531575940072597,-0.10955128331932135,4.0909246589513426,0.0041660230077876781,0.025481416173752533,127.48403999999999,0
34,3.4000000000000004,ego,-1,,4.1960905717255876,-0.40049596132856063,-0.29322964305157051,1.1308144318359266,,,4.1960905717255876,0.0047979950982888209,0.024998211388682048,122.97541200000001,0
34,3.4000000000000004,obstacle,0,turn_right,5.8807481288885981,-0.051898498388325803,,,0.24191933004716581,-0.11686035784985241,4.1960905717255876,0.0047979950982888209,0.024998211388682048,122.97541200000001,0
35,3.5,ego,-1,,4.306344922413972,-0.43229312733941294,-0.26844919013739321,1.164202376394859,,,4.306344922413972,0.0071939876649451673,0.024529412780152623,121.792807,0
35,3.5,obstacle,0,turn_right,5.904578647851161,-0.064304924982941422,,,0.23830518962562808,-0.12406426594615612,4.306344922413972,0.0071939876649451673,0.024529412780152623,121.792807,0
36,3.6000000000000001,ego,-1,,4.419749045152761,-0.46138661038956519,-0.23387789118564628,1.1774458503461336,,,4.419749045152761,0.0036306735887098318,0.024073511524415715,212.481291,0
36,3.6000000000000001,obstacle,0,turn_right,5.9280263069130159,-0.077420577440660915,,,0.23447659061854503,-0.13115652457719501,4.419749045152761,0.0036306735887098318,0.024073511524415715,212.481291,0
37,3.7000000000000002,ego,-1,,4.5364083166936897,-0.48927523539238355,-0.23542557692284088,1.2214842372154155,,,4.5364083166936897,0.064550556458482955,0.023705316316660594,123.09908999999999,0
37,3.7000000000000002,obstacle,0,constant_velocity,5.9514739659748708,-0.090536229898380421,,,0.23447659061854503,-0.13115652457719501,4.5364083166936897,0.064550556458482955,0.023705316316660594,123.09908999999999,0
38,3.8000000000000003,ego,-1,,4.6523582403362385,-0.52202099658811385,-0.31542501415463525,1.1888612463835904,,,4.6523582403362385,0.23874548012112351,0.023286123947009098,141.73413100000002,0
38,3.8000000000000003,obstacle,0,turn_right,5.9745176638255302,-0.10434930501727184,,,0.23043697850660036,-0.13813075118891424,4.6523582403362385,0.23874548012112351,0.023286123947009098,141.73413100000002,0
39,3.9000000000000004,ego,-1,,4.7692218851344705,-0.56548226671784352,-0.39542369476636552,1.3054747828936399,,,4.7692218851344705,0.35787229697782585,0.023235269981305477,141.33574099999998,0
39,3.9000000000000004,obstacle,0,turn_left,5.9979653228873842,-0.11746495747499133,,,0.23447659061854506,-0.13115652457719501,4.7692218851344705,0.35787229697782585,0.023235269981305477,141.33574099999998,0
40,4,ego,-1,,4.8929006287536065,-0.62309919784321421,-0.47534722239000454,1.4240708504312871,,,4.8929006287536065,0.2813060914137071,0.022892142765609514,260.68079,0
40,4,obstacle,0,constant_velocity,6.021412981949239,-0.13058060993271084,,,0.23447659061854506,-0.13115652457719501,4.8929006287536065,0.2813060914137071,0.022892142765609514,260.68079,0
41,4.1000000000000005,ego,-1,,5.0255016857225687,-0.69835922441576781,-0.55534712864985758,1.6261419617211423,,,5.0255016857225687,0.21049286131782585,0.022551263592313443,124.21350000000001,0
41,4.1000000000000005,obstacle,0,constant_velocity,6.0448606410110939,-0.14369626239043035,,,0.23447659061854506,-0.13115652457719501,5.0255016857225687,0.21049286131782585,0.022551263592313443,124.21350000000001,0
42,4.2000000000000002,ego,-1,,5.1691674623560955,-0.79584543749370829,-0.63534222168414678,1.8471546978090996,,,5.1691674623560955,0.15309477793839465,0.022213863634430703,132.42279100000002,0
42,4.2000000000000002,obstacle,0,constant_velocity,6.0683083000729487,-0.15681191484814985,,,0.23447659061854506,-0.13115652457719501,5.1691674623560955,0.15309477793839465,0.022213863634430703,132.42279100000002,0
43,4.2999999999999998,ego,-1,,5.3284243432326832,-0.90568897770322054,-0.57319184651492028,2.0227496359316399,,,5.3284243432326832,0.1101980988785265,0.021880872993670929,141.33008000000001,0
43,4.2999999999999998,obstacle,0,constant_velocity,6.0917559591348036,-0.16992756730586936,,,0.23447659061854506,-0.13115652457719501,5.3284243432326832,0.1101980988785265,0.021880872993670929,141.33008000000001,0
44,4.4000000000000004,ego,-1,,5.4988895267841107,-1.006365444648085,-0.49319201116062633,1.9378076792946957,,,5.4988895267841107,0.077646268770344085,0.021568205062293212,120.9585,0
44,4.4000000000000004,obstacle,0,turn_right,6.114799656985463,-0.18374064242476079,,,0.23043697850660039,-0.13813075118891424,5.4988895267841107,0.077646268770344085,0.021568205062293212,120.9585,0
45,4.5,ego,-1,,5.6691316560870106,-1.0896540819039173,-0.41623766518064498,1.8536093261397679,,,5.6691316560870106,0.058542210782656978,0.021511055425886435,228.44686400000001,0
45,4.5,obstacle,0,turn_left,6.138247316047317,-0.1968562948824803,,,0.23447659061854509,-0.13115652457719501,5.6691316560870106,0.058542210782656978,0.021511055425886435,228.44686400000001,0
46,4.6000000000000005,ego,-1,,5.8287920824249655,-1.1529235807634133,-0.33623774388349587,1.5820963082086743,,,5.8287920824249655,0.049991059426542472,0.021204111072750831,121.515001,0
46,4.6000000000000005,obstacle,0,constant_velocity,6.1616949751091719,-0.2099719473401998,,,0.23447659061854509,-0.13115652457719501,5.8287920824249655,0.049991059426542472,0.021204111072750831,121.515001,0
47,4.7000000000000002,ego,-1,,5.9764765169516307,-1.1980518092633916,-0.25623779669131813,1.5072381590655572,,,5.9764765169516307,0.04704401016908577,0.020902112694366634,118.80305300000001,0
47,4.7000000000000002,obstacle,0,constant_velocity,6.1851426341710267,-0.22308759979791931,,,0.23447659061854509,-0.13115652457719501,5.9764765169516307,0.04704401016908577,0.020902112694366634,118.80305300000001,0
48,4.8000000000000007,ego,-1,,6.1252324671047695,-1.2344922878865603,-0.22440559437771662,1.555977260556068,,,6.1252324671047695,0.051034649736082072,0.020638077001996758,131.04729,0
48,4.8000000000000007,obstacle,0,turn_right,6.2081863320216861,-0.23690067491681074,,,0.23043697850660042,-0.13813075118891424,6.1252324671047695,0.051034649736082072,0.020638077001996758,131.04729,0
49,4.9000000000000004,ego,-1,,6.2826467450746302,-1.2637921162976631,-0.14440620509459268,1.6472341310975802,,,6.2826467450746302,0.065058447221871152,0.020576654833558798,118.700614,0
49,4.9000000000000004,obstacle,0,turn_left,6.2316339910835401,-0.25001632737453028,,,0.23447659061854512,-0.13115652457719501,6.2826467450746302,0.065058447221871152,0.020576654833558798,118.700614,0
50,5,ego,-1,,6.4532627908436906,-1.2815785195612854,-0.064406235122712333,1.7844931881494408,,,6.4532627908436906,0.088172738240694493,0.020492832940247774,118.811549,0
50,5,obstacle,0,turn_left,6.255464510046103,-0.26242275396914588,,,0.23830518962562819,-0.12406426594615612,6.4532627908436906,0.088172738240694493,0.020492832940247774,118.811549,0
51,5.1000000000000005,ego,-1,,6.6369951948139381,-1.2859919588773332,0.015592301064950118,1.8921948946199456,,,6.6369951948139381,0.12202604210836232,0.020257015214154996,113.110292,0
51,5.1000000000000005,obstacle,0,turn_right,6.2789121691079579,-0.27553840642686539,,,0.23447659061854514,-0.13115652457719501,6.6369951948139381,0.12202604210836232,0.020257015214154996,113.110292,0
52,5.2000000000000002,ego,-1,,6.8293950158998058,-1.275237850414501,0.09559202668456461,1.9628355529939066,,,6.8293950158998058,0.16897729047600385,0.020166973839432653,193.149496,0
52,5.2000000000000002,obstacle,0,turn_left,6.3027426880705208,-0.28794483302148099,,,0.23830518962562822,-0.12406426594615612,6.8293950158998058,0.16897729047600385,0.020166973839432653,193.149496,0
53,5.3000000000000007,ego,-1,,7.0268529170760621,-1.2482576438111637,0.17559199633946715,2.0240800943400763,,,7.0268529170760621,0.22852373140961557,0.019909732769041236,126.186778,0
53,5.3000000000000007,obstacle,0,constant_velocity,6.3265732070330838,-0.3003512596160966,,,0.23830518962562822,-0.12406426594615612,7.0268529170760621,0.22852373140961557,0.019909732769041236,126.186778,0
54,5.4000000000000004,ego,-1,,7.225371694695129,-1.2047710435541645,0.25559176732829481,2.0415230427319497,,,7.225371694695129,0.2992646348652388,0.019697285685750663,114.38361900000001,0
54,5.4000000000000004,obstacle,0,turn_right,6.3500208660949387,-0.31346691207381611,,,0.23447659061854517,-0.13115652457719501,7.225371694695129,0.2992646348652388,0.019697285685750663,114.38361900000001,0
55,5.5,ego,-1,,7.4210107797973937,-1.1466649126943993,0.32182829244111938,2.0409372307464735,,,7.4210107797973937,0.38025671487029578,0.019486571732675456,217.31088100000002,0
55,5.5,obstacle,0,turn_right,6.3730645639455981,-0.32727998719270757,,,0.2304369785066005,-0.13813075118891424,7.4210107797973937,0.38025671487029578,0.019486571732675456,217.31088100000002,0
56,5.6000000000000005,ego,-1,,7.6120302605141683,-1.0743627161737253,0.4018282130411715,2.0450536687542216,,,7.6120302605141683,0.46992238381564277,0.019277846322940276,122.46849399999999,0
56,5.6000000000000005,obstacle,0,turn_right,6.3956835628124011,-0.34177805413751849,,,0.22618998866802931,-0.14498066944810944,7.6120302605141683,0.46992238381564277,0.019277846322940276,122.46849399999999,0
57,5.7000000000000002,ego,-1,,7.7962844278947276,-0.98721712316077981,0.4818255923407449,2.0325001930784259,,,7.7962844278947276,0.56568461785193946,0.019071319558287562,118.886251,0
57,5.7000000000000002,obstacle,0,turn_right,6.4178575071231032,-0.35694806562658876,,,0.22173944310702307,-0.15170011489070298,7.7962844278947276,0.56568461785193946,0.019071319558287562,118.886251,0
58,5.8000000000000007,ego,-1,,7.9708303736050574,-0.88688728918139792,0.56179694782359102,1.995103048001271,,,7.9708303736050574,0.63774460668211486,0.018867162875824989,121.54363699999999,0
58,5.8000000000000007,obstacle,0,turn_right,6.4395664418245211,-0.37277636967352329,,,0.21708934701418392,-0.15828304046934544,7.9708303736050574,0.63774460668211486,0.018867162875824989,121.54363699999999,0
59,5.9000000000000004,ego,-1,,8.1366984362580919,-0.78088011068469643,0.57562190910785371,1.9419188342573244,,,8.1366984362580919,0.53099037302022123,0.018657277753747179,112.29370900000001,0
59,5.9000000000000004,obstacle,0,constant_velocity,6.4612753765259399,-0.38860467372045782,,,0.21708934701418392,-0.15828304046934544,8.1366984362580919,0.53099037302022123,0.018657277753747179,112.29370900000001,0
60,6,ego,-1,,8.2997664099911148,-0.68004297612642151,0.53183357946080434,1.8929300800950448,,,8.2997664099911148,0.34318920638864925,0.018449977959126534,110.65791,0
60,6,obstacle,0,constant_velocity,6.4829843112273586,-0.40443297776739234,,,0.21708934701418392,-0.15828304046934544,8.2997664099911148,0.34318920638864925,0.018449977959126534,110.65791,0
61,6.1000000000000005,ego,-1,,8.4759679369628262,-0.5857986798007313,0.45187795398144387,2.1045803005020542,,,8.4759679369628262,0.10356796877318142,0.018403392083679387,186.12845899999999,0
61,6.1000000000000005,obstacle,0,turn_left,6.5051582555380607,-0.41960298925646261,,,0.22173944310702309,-0.15170011489070298,8.4759679369628262,0.10356796877318142,0.018403392083679387,186.12845899999999,0
62,6.2000000000000002,ego,-1,,8.6596467068810288,-0.49874197581208951,0.43310236483180137,1.9607843078851099,,,8.6596467068810288,0.0068783467394025744,0.018224130154187095,112.774627,0
62,6.2000000000000002,obstacle,0,turn_right,6.5268671902394786,-0.43543129330339714,,,0.21708934701418395,-0.15828304046934544,8.6596467068810288,0.0068783467394025744,0.018224130154187095,112.774627,0
63,6.3000000000000007,ego,-1,,8.8313694358142847,-0.41811100160293035,0.44500156021570209,1.833446793796395,,,8.8313694358142847,0.0056565393553629217,0.018029310228609433,117.141576,0
63,6.3000000000000007,obstacle,0,constant_velocity,6.5485761249408974,-0.45125959735033166,,,0.21708934701418395,-0.15828304046934544,8.8313694358142847,0.0056565393553629217,0.018029310228609433,117.141576,0
64,6.4000000000000004,ego,-1,,8.9949134187166511,-0.34026736492378601,0.44348722103527927,1.7890535793730322,,,8.9949134187166511,0.0075741486698452931,0.017837076417559394,112.740093,0
64,6.4000000000000004,obstacle,0,constant_velocity,6.5702850596423161,-0.46708790139726619,,,0.21708934701418395,-0.15828304046934544,8.9949134187166511,0.0075741486698452931,0.017837076417559394,112.740093,0
65,6.5,ego,-1,,9.1566949377573597,-0.26553416509115402,0.42196078295025891,1.775187570996148,,,9.1566949377573597,0.003915654053488371,0.017790751969932295,122.537114,0
65,6.5,obstacle,0,turn_left,6.5924590039530182,-0.48225791288633646,,,0.22173944310702312,-0.15170011489070298,9.1566949377573597,0.003915654053488371,0.017790751969932295,122.537114,0
66,6.6000000000000005,ego,-1,,9.3197761604979767,-0.19655341668108431,0.37832720584417379,1.7664958572093543,,,9.3197761604979767,0.0030193116842982537,0.017733984110486697,109.633188,0
66,6.6000000000000005,obstacle,0,turn_left,6.6150780028198213,-0.49675597983114744,,,0.22618998866802936,-0.14498066944810944,9.3197761604979767,0.0030193116842982537,0.017733984110486697,109.633188,0
67,6.7000000000000002,ego,-1,,9.4858382068299854,-0.13809466274095433,0.2985530299903747,1.7554621441017952,,,9.4858382068299854,0.011284400636888514,0.017581544147996498,102.921689,0
67,6.7000000000000002,obstacle,0,turn_right,6.6372519471305242,-0.51192599132021777,,,0.22173944310702312,-0.15170011489070298,9.4858382068299854,0.011284400636888514,0.017581544147996498,102.921689,0
68,6.8000000000000007,ego,-1,,9.6552134613707477,-0.093249494744715347,0.21906144810404893,1.7496903818729239,,,9.6552134613707477,0.094048908106885376,0.017430018014281876,103.40679899999999,0
68,6.8000000000000007,obstacle,0,turn_right,6.6589608818319421,-0.52775429536715224,,,0.21708934701418398,-0.15828304046934544,9.6552134613707477,0.094048908106885376,0.017430018014281876,103.40679899999999,0
69,6.9000000000000004,ego,-1,,9.8273521707379867,-0.062008399848046958,0.14001020775146589,1.7502344548336868,,,9.8273521707379867,0.23428518431651524,0.017279539215157319,119.366888,0
69,6.9000000000000004,obstacle,0,turn_right,6.6801852703481543,-0.54422664756668726,,,0.21224388516212339,-0.1647235219953502,9.8273521707379867,0.23428518431651524,0.017279539215157319,119.366888,0
70,7,ego,-1,,10.001438620681343,-0.04402737044841995,0.065839846224195975,1.7508199201741454,,,10.001438620681343,0.41001948484195516,0.017111787864405089,105.796718,0
70,7,obstacle,0,constant_velocity,6.7014096588643666,-0.56069899976622228,,,0.21224388516212339,-0.1647235219953502,10.001438620681343,0.41001948484195516,0.017111787864405089,105.796718,0
71,7.1000000000000005,ego,-1,,10.176195074406005,-0.033847552169334709,0.050530760071513615,1.7502682142036958,,,10.176195074406005,0.57180862191060755,0.016946130432753417,100.79592099999999,0
71,7.1000000000000005,obstacle,0,constant_velocity,6.7226340473805788,-0.57717135196575731,,,0.21224388516212339,-0.1647235219953502,10.176195074406005,0.57180862191060755,0.016946130432753417,100.79592099999999,0
72,7.2000000000000002,ego,-1,,10.351042810124087,-0.025999018417213537,0.039184611618481045,1.7502265394898673,,,10.351042810124087,0.73214914500534611,0.016806656077407903,98.506576999999993,0
72,7.2000000000000002,obstacle,0,turn_right,6.743354789194524,-0.59427292831276357,,,0.20720741813944935,-0.17101576347006334,10.351042810124087,0.73214914500534611,0.016806656077407903,98.506576999999993,0
73,7.3000000000000007,ego,-1,,10.525957695339981,-0.020086580870020524,0.028393109791089884,1.7500860891886529,,,10.525957695339981,0.89128288138031264,0.01676773345606419,99.233508,0
73,7.3000000000000007,obstacle,0,turn_left,6.7645791777107362,-0.61074528051229859,,,0.21224388516212339,-0.16472352199535023,10.525957695339981,0.89128288138031264,0.01676773345606419,99.233508,0
74,7.4000000000000004,ego,-1,,10.700905860617508,-0.015486987624419442,0.024177135683848158,1.7500888869144657,,,10.700905860617508,1.0474717658596924,0.016633872099588522,101.875473,0
74,7.4000000000000004,obstacle,0,turn_right,6.7852999195246815,-0.62784685685930486,,,0.20720741813944935,-0.17101576347006336,10.700905860617508,1.0474717658596924,0.016633872099588522,101.875473,0
75,7.5,ego,-1,,10.875871877254344,-0.011761236448944437,0.018404680061205388,1.7500295821555867,,,10.875871877254344,1.2043805106181373,0.016481489880434144,99.082549,0
75,7.5,obstacle,0,constant_velocity,6.8060206613386267,-0.64494843320631123,,,0.20720741813944935,-0.17101576347006336,10.875871877254344,1.2043805106181373,0.016481489880434144,99.082549,0
76,7.6000000000000005,ego,-1,,11.0508531784458,-0.0090172382483725382,0.012956080796262634,1.750031049296731,,,11.0508531784458,1.3603402350378067,0.01644140340596292,101.661959,0
76,7.6000000000000005,obstacle,0,turn_left,6.8272450498548389,-0.66142078540584626,,,0.21224388516212339,-0.16472352199535026,11.0508531784458,1.3603402350378067,0.01644140340596292,101.661959,0
77,7.7000000000000002,ego,-1,,11.225843150961088,-0.0069709466611599519,0.010430377529739505,1.750008611662373,,,11.225843150961088,1.5141149989455711,0.016394579246309614,105.492671,0
77,7.7000000000000002,obstacle,0,turn_left,6.8489539845562568,-0.67724908945278084,,,0.217089347014184,-0.15828304046934552,11.225843150961088,1.5141149989455711,0.016394579246309614,105.492671,0
78,7.8000000000000007,ego,-1,,11.400836430129521,-0.0053489093565510003,0.0081073726213822112,1.7500081043666624,,,11.400836430129521,1.6684650487383836,0.016274205127954688,97.494673000000006,0
78,7.8000000000000007,obstacle,0,turn_right,6.870178373072469,-0.69372144165231586,,,0.21224388516212342,-0.16472352199535029,11.400836430129521,1.6684650487383836,0.016274205127954688,97.494673000000006,0
79,7.9000000000000004,ego,-1,,11.575832703859463,-0.0040935718719413315,0.0062394008600603805,1.7500079296924518,,,11.575832703859463,1.8232763110273698,0.016154380763826876,96.323843000000011,0
79,7.9000000000000004,obstacle,0,turn_right,6.8908991148864143,-0.71082301799932213,,,0.20720741813944937,-0.17101576347006342,11.575832703859463,1.8232763110273698,0.016154380763826876,96.323843000000011,0
80,8,ego,-1,,11.750830389299109,-0.0031399012223046613,0.004659727061378678,1.7499981140367955,,,11.750830389299109,1.9786473212096578,0.016035191990658962,102.741372,0
80,8,obstacle,0,turn_right,6.9110975627290676,-0.72853842822940917,,,0.20198447842653094,-0.17715410230087122,11.750830389299109,1.9786473212096578,0.016035191990658962,102.741372,0
81,8.0999999999999996,ego,-1,,11.925828993972177,-0.0024155362990074102,0.0036187485280068914,1.7500041206822852,,,11.925828993972177,2.1331567051874982,0.015994335752748293,102.4853,0
81,8.0999999999999996,obstacle,0,turn_left,6.9318183045430128,-0.74564000457641555,,,0.20720741813944937,-0.17101576347006342,11.925828993972177,2.1331567051874982,0.015994335752748293,102.4853,0
82,8.2000000000000011,ego,-1,,12.100828250465646,-0.0018533607228649006,0.0028061200115775684,1.7499991650279072,,,12.100828250465646,2.2876251035755919,0.015860616675383035,102.054074,0
82,8.2000000000000011,obstacle,0,constant_velocity,6.9525390463569581,-0.76274158092342192,,,0.20720741813944937,-0.17101576347006342,12.100828250465646,2.2876251035755919,0.015860616675383035,102.054074,0
83,8.3000000000000007,ego,-1,,12.275827696703073,-0.0014214437485567245,0.0021300796625269838,1.7500004865182777,,,12.275827696703073,2.4427439877880186,0.015749150972356161,96.641930000000002,0
83,8.3000000000000007,obstacle,0,turn_right,6.9727374941996114,-0.78045699115350897,,,0.20198447842653094,-0.17715410230087122,12.275827696703073,2.4427439877880186,0.015749150972356161,96.641930000000002,0
84,8.4000000000000004,ego,-1,,12.450827397497241,-0.0010915195109947118,0.0016404849992147095,1.7499997843270012,,,12.450827397497241,2.5971910414180766,0.015708220502900039,96.881061000000003,0
84,8.4000000000000004,obstacle,0,turn_left,6.9934582360135567,-0.79755856750051535,,,0.20720741813944937,-0.17101576347006342,12.450827397497241,2.5971910414180766,0.015708220502900039,96.881061000000003,0
85,8.5,ego,-1,,12.625827186383722,-0.000837761576104574,0.0012596071479276001,1.7499996941659657,,,12.625827186383722,2.7522961011421856,0.015600698463965362,93.837835999999996,0
85,8.5,obstacle,0,turn_right,7.01365668385621,-0.81527397773060239,,,0.20198447842653094,-0.17715410230087122,12.625827186383722,2.7522961011421856,0.015600698463965362,93.837835999999996,0
86,8.5999999999999996,ego,-1,,12.800827043197943,-0.0006430071735335904,0.00096615835312400264,1.7499996220648433,,,12.800827043197943,2.90677561903538,0.015558374904847678,90.130808000000002,0
86,8.5999999999999996,obstacle,0,turn_left,7.0343774256701552,-0.83237555407760877,,,0.20720741813944937,-0.17101576347006342,12.800827043197943,2.90677561903538,0.015558374904847678,90.130808000000002,0
87,8.7000000000000011,ego,-1,,12.975826938452222,-0.00049356621201460918,0.00074173895587064742,1.7499995665146753,,,12.975826938452222,3.0606557563512018,0.015511821761018989,92.340106000000006,0
87,8.7000000000000011,obstacle,0,turn_left,7.0556018141863674,-0.84884790627714379,,,0.21224388516212345,-0.16472352199535031,12.975826938452222,3.0606557563512018,0.015511821761018989,92.340106000000006,0
88,8.8000000000000007,ego,-1,,13.150826855841155,-0.00037883934499681552,0.00056942566925760304,1.7499995377230977,,,13.150826855841155,3.2151927031922263,0.015411203034138371,90.910692999999995,0
88,8.8000000000000007,obstacle,0,turn_right,7.0763225560003127,-0.86594948262415006,,,0.2072074181394494,-0.17101576347006345,13.150826855841155,3.2151927031922263,0.015411203034138371,90.910692999999995,0
89,8.9000000000000004,ego,-1,,13.325826786468413,-0.00029077158204082352,0.00043706336404516035,1.7499995205732422,,,13.325826786468413,3.3691394774269696,0.015364007716338631,89.831402000000011,0
89,8.9000000000000004,obstacle,0,turn_left,7.0975469445165249,-0.88242183482368508,,,0.21224388516212347,-0.16472352199535034,13.325826786468413,3.3691394774269696,0.015364007716338631,89.831402000000011,0
90,9,ego,-1,,13.500826724898026,-0.00022318338335230135,0.00033537342565846863,1.7499995105650952,,,13.500826724898026,3.5237411253244995,0.015266785430909239,92.668354999999991,0
90,9,obstacle,0,turn_right,7.1182676863304701,-0.89952341117069134,,,0.20720741813944943,-0.17101576347006345,13.500826724898026,3.5237411253244995,0.015266785430909239,92.668354999999991,0
91,9.0999999999999996,ego,-1,,13.675826667919653,-0.00017131002629209116,0.00025746511635863758,1.7499995045152286,,,13.675826667919653,3.6790074366711005,0.015169910113635776,90.472255000000004,0
91,9.0999999999999996,obstacle,0,turn_right,7.1384661341731235,-0.91723882140077839,,,0.201984478426531,-0.17715410230087125,13.675826667919653,3.6790074366711005,0.015169910113635776,90.472255000000004,0
92,9.2000000000000011,ego,-1,,13.850826613642534,-0.00013148944144980893,0.00019762741511398802,1.7499995010748244,,,13.850826613642534,3.8343013728962232,0.015058148209787143,88.537825999999995,0
92,9.2000000000000011,obstacle,0,constant_velocity,7.1586645820157768,-0.93495423163086555,,,0.201984478426531,-0.17715410230087125,13.850826613642534,3.8343013728962232,0.015058148209787143,88.537825999999995,0
93,9.3000000000000007,ego,-1,,14.025826560953982,-0.00010092485407005841,0.0001516822565479902,1.7499994988445136,,,14.025826560953982,3.9896219487290407,0.014947448407078746,93.066198999999997,0
93,9.3000000000000007,obstacle,0,constant_velocity,7.1788630298584302,-0.95266964186095271,,,0.201984478426531,-0.17715410230087125,14.025826560953982,3.9896219487290407,0.014947448407078746,93.066198999999997,0
94,9.4000000000000004,ego,-1,,14.200826509194753,-7.7465427200341025e-05,0.00011642555679319053,1.7499994976004489,,,14.200826509194753,4.1456124093520828,0.014855843106321777,89.143203,0
94,9.4000000000000004,obstacle,0,turn_right,7.1985210064900871,-0.97098294330066792,,,0.19657976631657198,-0.18313301439715143,14.200826509194753,4.1456124093520828,0.014855843106321777,89.143203,0
95,9.5,ego,-1,,14.375826457991199,-5.9459155476830562e-05,8.9360465244643671e-05,1.7499994969624857,,,14.375826457991199,4.3016248354824738,0.014748565880564826,89.613690999999989,0
95,9.5,obstacle,0,constant_velocity,7.218178983121744,-0.98929624474038302,,,0.19657976631657198,-0.18313301439715143,14.375826457991199,4.3016248354824738,0.014748565880564826,89.613690999999989,0
96,9.6000000000000014,ego,-1,,14.550826407123139,-4.5638384582311573e-05,6.8591247704841496e-05,1.7499994966543102,,,14.550826407123139,4.4576580443574629,0.014642324770706342,87.293081000000001,0
96,9.6000000000000014,obstacle,0,constant_velocity,7.2378369597534009,-1.0076095461800982,,,0.19657976631657198,-0.18313301439715143,14.550826407123139,4.4576580443574629,0.014642324770706342,87.293081000000001,0
97,9.7000000000000011,ego,-1,,14.725826356451732,-3.5029899058752054e-05,5.2648621806320045e-05,1.7499994963854557,,,14.725826356451732,4.6130694238690415,0.01460549371822171,90.155639999999991,0
97,9.7000000000000011,obstacle,0,turn_left,7.2580354075960543,-1.0253249564101854,,,0.201984478426531,-0.17715410230087125,14.725826356451732,4.6130694238690415,0.01460549371822171,90.155639999999991,0
98,9.8000000000000007,ego,-1,,14.900826305889582,-2.6887347974225411e-05,4.040913169344952e-05,1.7499994961820586,,,14.900826305889582,4.7685010638864362,0.014501549452340109,90.495032000000009,0
98,9.8000000000000007,obstacle,0,constant_velocity,7.2782338554387076,-1.0430403666402726,,,0.201984478426531,-0.17715410230087125,14.900826305889582,4.7685010638864362,0.014501549452340109,90.495032000000009,0
99,9.9000000000000004,ego,-1,,15.075826255392396,-2.0637571182769752e-05,3.1016909360272985e-05,1.7499994961190821,,,15.075826255392396,4.9233271512008479,0.014462962358444072,86.781715999999989,0
99,9.9000000000000004,obstacle,0,turn_left,7.2989545972526528,-1.0601419429872789,,,0.20720741813944943,-0.17101576347006345,15.075826255392396,4.9233271512008479,0.014462962358444072,86.781715999999989,0
100,10,ego,-1,,15.250826204935986,-1.5840453412676722e-05,2.3807309519789442e-05,1.7499994960753,,,15.250826204935986,5.0781728153122589,0.014361320634989742,84.665382999999991,0
100,10,obstacle,0,constant_velocity,7.3196753390665981,-1.0772435193342853,,,0.20720741813944943,-0.17101576347006345,15.250826204935986,5.0781728153122589,0.014361320634989742,84.665382999999991,0
101,10.100000000000001,ego,-1,,15.425826154502355,-1.2158428456128608e-05,1.8272987818883458e-05,1.7499994960312195,,,15.425826154502355,5.2336594849520015,0.014283313874749994,84.367673000000011,0
101,10.100000000000001,obstacle,0,turn_right,7.3398737869092514,-1.0949589295643725,,,0.201984478426531,-0.17715410230087125,15.425826154502355,5.2336594849520015,0.014283313874749994,84.367673000000011,0
102,10.200000000000001,ego,-1,,15.600826104081889,-9.3322190781065722e-06,1.4026557233172886e-05,1.749999496018525,,,15.600826104081889,5.3897986458041292,0.01420540843361999,86.083787999999998,0
102,10.200000000000001,obstacle,0,turn_right,7.3595317635409083,-1.1132722310040875,,,0.19657976631657198,-0.18313301439715143,15.600826104081889,5.3897986458041292,0.01420540843361999,86.083787999999998,0
103,10.300000000000001,ego,-1,,15.775826053668911,-7.162947395500265e-06,1.0765126280036007e-05,1.7499994959923793,,,15.775826053668911,5.5466017406091686,0.014127650553384233,87.512554000000009,0
103,10.300000000000001,obstacle,0,turn_right,7.3786315781094753,-1.1321669429182457,,,0.1909981456856642,-0.1889471191415818,15.775826053668911,5.5466017406091686,0.014127650553384233,87.512554000000009,0
104,10.4,ego,-1,,15.950826003263739,-5.4979653630819432e-06,8.2632452849209877e-06,1.7499994960635037,,,15.950826003263739,5.703415754849491,0.014032735938941457,83.559422999999995,0
104,10.4,obstacle,0,constant_velocity,7.3977313926780415,-1.151061654832404,,,0.1909981456856642,-0.1889471191415818,15.950826003263739,5.703415754849491,0.014032735938941457,83.559422999999995,0
105,10.5,ego,-1,,16.125825952866837,-4.2199345684052926e-06,6.3428251459903074e-06,1.7499994960923355,,,16.125825952866837,5.8609037712302783,0.013956997764787829,84.071808000000004,0
105,10.5,obstacle,0,turn_right,7.4162558566396042,-1.1705207732556373,,,0.18524463961562743,-0.19459118423233268,16.125825952866837,5.8609037712302783,0.013956997764787829,84.071808000000004,0
106,10.600000000000001,ego,-1,,16.300825902471153,-3.2390024943203408e-06,4.8678303575349844e-06,1.7499994960493321,,,16.300825902471153,6.0190770630190471,0.013881454019755881,84.281535000000005,0
106,10.600000000000001,obstacle,0,turn_right,7.4341882992269612,-1.1905267862948159,,,0.17932442587357464,-0.20006013039178538,16.300825902471153,6.0190770630190471,0.013881454019755881,84.281535000000005,0
107,10.700000000000001,ego,-1,,16.475825852071509,-2.4860983865044239e-06,3.7367904955579629e-06,1.7499994959903495,,,16.475825852071509,6.1779466330205439,0.013806139908148149,81.48590999999999,0
107,10.700000000000001,obstacle,0,turn_right,7.4515125824521888,-1.2110616898885698,,,0.17324283225227124,-0.20534903593753914,16.475825852071509,6.1779466330205439,0.013806139908148149,81.48590999999999,0
108,10.800000000000001,ego,-1,,16.650825801670866,-1.9081687416942174e-06,2.8681216330614028e-06,1.7499994960160226,,,16.650825801670866,6.3361333179376276,0.013779145153171163,83.555995999999993,0
108,10.800000000000001,obstacle,0,turn_left,7.4694450250395459,-1.2310677029277484,,,0.17932442587357467,-0.20006013039178538,16.650825801670866,6.3361333179376276,0.013779145153171163,83.555995999999993,0
109,10.9,ego,-1,,16.825825751272067,-1.4645788661309446e-06,2.2014784048039126e-06,1.749999496019327,,,16.825825751272067,6.4950146991633231,0.013705879623354114,82.939589999999995,0
109,10.9,obstacle,0,turn_right,7.4867693082647735,-1.2516026065215022,,,0.17324283225227127,-0.20534903593753914,16.825825751272067,6.4950146991633231,0.013705879623354114,82.939589999999995,0
110,11,ego,-1,,17.000825700873047,-1.1241198695096226e-06,1.6894826771520664e-06,1.7499994960069798,,,17.000825700873047,6.6539012820704651,0.01361965104329649,84.590031999999994,0
110,11,obstacle,0,constant_velocity,7.5040935914900002,-1.2721375101152561,,,0.17324283225227127,-0.20534903593753914,17.000825700873047,6.6539012820704651,0.01361965104329649,84.590031999999994,0
111,11.100000000000001,ego,-1,,17.175825650471051,-8.6277284194037944e-07,1.2973413553031883e-06,1.7499994959569878,,,17.175825650471051,6.8134928051579351,0.013548239925888265,85.700761,0
111,11.100000000000001,obstacle,0,turn_right,7.5207941246675487,-1.2931828242364154,,,0.16700533177548119,-0.21045314121159325,17.175825650471051,6.8134928051579351,0.013548239925888265,85.700761,0
112,11.200000000000001,ego,-1,,17.350825600067449,-6.6217996060395771e-07,9.9514937739704254e-07,1.749999495973285,,,17.350825600067449,6.9737998136998689,0.013477072320937214,87.641519000000002,0
112,11.200000000000001,obstacle,0,turn_right,7.5368558784448103,-1.3147196095227873,,,0.16061753777261489,-0.21536785286371779,17.350825600067449,6.9737998136998689,0.013477072320937214,87.641519000000002,0
113,11.300000000000001,ego,-1,,17.525825549666958,-5.0823730683702215e-07,7.6419574377907278e-07,1.7499994960182865,,,17.525825549666958,7.1333988952515996,0.013453441717886299,79.161985000000001,0
113,11.300000000000001,obstacle,0,turn_left,7.5535564116223579,-1.3357649236439466,,,0.16700533177548121,-0.21045314121159325,17.525825549666958,7.1333988952515996,0.013453441717886299,79.161985000000001,0
114,11.4,ego,-1,,17.700825499271264,-3.9006292228690652e-07,5.8636904000945399e-07,1.7499994960686671,,,17.700825499271264,7.2937125370245814,0.013384133411583272,81.585412999999988,0
114,11.4,obstacle,0,turn_right,7.5696181653996195,-1.3573017089303185,,,0.16061753777261492,-0.21536785286371779,17.700825499271264,7.2937125370245814,0.013384133411583272,81.585412999999988,0
115,11.5,ego,-1,,17.875825448875329,-2.9936985200574416e-07,4.5012349026022823e-07,1.7499994960130683,,,17.875825448875329,7.4547509490464963,0.013315077861304621,80.960972000000012,0
115,11.5,obstacle,0,turn_right,7.5850266852823305,-1.3793105837288344,,,0.15408519882711183,-0.22008874798515893,17.875825448875329,7.4547509490464963,0.013315077861304621,80.960972000000012,0
116,11.600000000000001,ego,-1,,18.050825398476196,-2.2975363160424296e-07,3.4549068631830911e-07,1.7499994960045731,,,18.050825398476196,7.6157917359443106,0.013236384239844161,79.133631999999992,0
116,11.600000000000001,obstacle,0,constant_velocity,7.6004352051650415,-1.4013194585273503,,,0.15408519882711183,-0.22008874798515893,18.050825398476196,7.6157917359443106,0.013236384239844161,79.133631999999992,0
117,11.700000000000001,ego,-1,,18.225825348076373,-1.7632453734792966e-07,2.6512770961126095e-07,1.749999495999141,,,18.225825348076373,7.7775667096744483,0.013169026420896826,80.204728000000003,0
117,11.700000000000001,obstacle,0,turn_right,7.6151766245253523,-1.4237806163362461,,,0.14741419360310323,-0.22461157808895824,18.225825348076373,7.7775667096744483,0.013169026420896826,80.204728000000003,0
118,11.800000000000001,ego,-1,,18.400825297677066,-1.3531025561090487e-07,2.0360707380572175e-07,1.7499994960148335,,,18.400825297677066,7.9393434940186269,0.013092339092810105,80.320340999999999,0
118,11.800000000000001,obstacle,0,constant_velocity,7.6299180438856622,-1.4462417741451419,,,0.14741419360310323,-0.22461157808895824,18.400825297677066,7.9393434940186269,0.013092339092810105,80.320340999999999,0
119,11.9,ego,-1,,18.575825247277471,-1.0383768699207649e-07,1.5607952828397969e-07,1.7499994959933443,,,18.575825247277471,8.1018634596612671,0.013026620471079317,77.808920999999998,0
119,11.9,obstacle,0,turn_right,7.6439790964411634,-1.4691350014384723,,,0.14061052555501138,-0.22893227293330418,18.575825247277471,8.1018634596612671,0.013026620471079317,77.808920999999998,0
120,12,ego,-1,,18.750825196878001,-7.9689526338149431e-08,1.1989953009925648e-07,1.7499994960173049,,,18.750825196878001,8.2636434530993039,0.013007905232266255,79.889646999999997,0
120,12,obstacle,0,turn_left,7.6587205158014742,-1.4915961592473681,,,0.14741419360310323,-0.22461157808895826,18.750825196878001,8.2636434530993039,0.013007905232266255,79.889646999999997,0
121,12.100000000000001,ego,-1,,18.925825146480609,-6.1140915313835846e-08,9.2084656941231445e-08,1.7499994960348704,,,18.925825146480609,8.4261662110673026,0.012943802348475439,77.791958999999991,0
121,12.100000000000001,obstacle,0,turn_right,7.6727815683569753,-1.5144893865406985,,,0.14061052555501138,-0.2289322729333042,18.925825146480609,8.4261662110673026,0.012943802348475439,77.791958999999991,0
122,12.200000000000001,ego,-1,,19.100825096082268,-4.691721642859323e-08,7.0471948561940114e-08,1.7499994959983485,,,19.100825096082268,8.5894404842276018,0.012879949527889092,82.837009000000009,0
122,12.200000000000001,obstacle,0,turn_right,7.6861496001094602,-1.5377940809591459,,,0.1336803175248458,-0.233046944184475,19.100825096082268,8.5894404842276018,0.012879949527889092,82.837009000000009,0
123,12.300000000000001,ego,-1,,19.275825045681909,-3.6002607784296802e-08,5.4266471869220504e-08,1.7499994959944529,,,19.275825045681909,8.7534744314740625,0.012816363426298341,76.533149999999992,0
123,12.300000000000001,obstacle,0,turn_right,7.6988125807326666,-1.5614892698507534,,,0.12662980623205858,-0.2369518889160766,19.275825045681909,8.7534744314740625,0.012816363426298341,76.533149999999992,0
124,12.4,ego,-1,,19.450824995281955,-2.7617352646226054e-08,4.1565043022482398e-08,1.7499994960064638,,,19.450824995281955,8.9182756003086752,0.012753059272670819,75.748503999999997,0
124,12.4,obstacle,0,turn_right,7.7107591143987584,-1.5855536291448962,,,0.11946533666091799,-0.2406435929414264,19.450824995281955,8.9182756003086752,0.012753059272670819,75.748503999999997,0
125,12.5,ego,-1,,19.625824944883405,-2.1188725053343833e-08,3.1905007769238721e-08,1.7499994960224983,,,19.625824944883405,9.083850907763761,0.012690050971215314,75.375387000000003,0
125,12.5,obstacle,0,turn_right,7.7219784500338031,-1.6099655025425046,,,0.1121933563504509,-0.24411873397608413,19.625824944883405,9.083850907763761,0.012690050971215314,75.375387000000003,0
126,12.600000000000001,ego,-1,,19.800824894484975,-1.6253650541840685e-08,2.4495860033731047e-08,1.7499994960089367,,,19.800824894484975,9.2502066247764638,0.0126273511957577,75.564745000000002,0
126,12.600000000000001,obstacle,0,turn_right,7.732460490993013,-1.634702921005273,,,0.10482040959209277,-0.24737418462768362,19.800824894484975,9.2502066247764638,0.0126273511957577,75.564745000000002,0
127,12.700000000000001,ego,-1,,19.975824844085164,-1.2469116373969587e-08,1.8755971484125761e-08,1.7499994959948646,,,19.975824844085164,9.4165627132784895,0.012560574453622365,76.026004999999998,0
127,12.700000000000001,obstacle,0,constant_velocity,7.742942531952222,-1.6594403394680415,,,0.10482040959209277,-0.24737418462768362,19.975824844085164,9.4165627132784895,0.012560574453622365,76.026004999999998,0
128,12.800000000000001,ego,-1,,20.150824793684748,-9.5621814070322443e-09,1.4466151991780659e-08,1.7499994959968432,,,20.150824793684748,9.5837047714466337,0.012499351278413338,73.919412000000008,0
128,12.800000000000001,obstacle,0,turn_right,7.7526778451062492,-1.6844810409890791,,,0.097353131540267146,-0.25040701521037473,20.150824793684748,9.5837047714466337,0.012499351278413338,73.919412000000008,0
129,12.9,ego,-1,,20.325824743284439,-7.3314944026695021e-09,1.1027421114559004e-08,1.7499994959969885,,,20.325824743284439,9.7516377448912319,0.01243843870800679,72.412374,0
129,12.9,obstacle,0,turn_right,7.7616576693303685,-1.7098024906272133,,,0.089798242241194523,-0.25321449638134297,20.325824743284439,9.7516377448912319,0.01243843870800679,72.412374,0
130,13,ego,-1,,20.500824692885214,-5.617172950068515e-09,8.5648297005104527e-09,1.749999496018469,,,20.500824692885214,9.9203658944850357,0.012377846529378572,73.997116000000005,0
130,13,obstacle,0,turn_right,7.7698739233888992,-1.7353819007869169,,,0.082162540585304339,-0.25579410159703375,20.500824692885214,9.9203658944850357,0.012377846529378572,73.997116000000005,0
131,13.100000000000001,ego,-1,,20.67582464248677,-4.3014164510471721e-09,6.4723917617470243e-09,1.7499994960126342,,,20.67582464248677,10.089892787901897,0.012317583613968763,72.556128999999999,0
131,13.100000000000001,obstacle,0,turn_right,7.7773192132077682,-1.7611962517256039,,,0.074452898188692496,-0.25814350938687108,20.67582464248677,10.089892787901897,0.012317583613968763,72.556128999999999,0
132,13.200000000000001,ego,-1,,20.850824592087772,-3.3070489111671961e-09,4.8918119668489764e-09,1.7499994960073966,,,20.850824592087772,10.259419821826642,0.012255656554436282,71.516972999999993,0
132,13.200000000000001,obstacle,0,constant_velocity,7.7847645030266373,-1.7870106026642909,,,0.074452898188692496,-0.25814350938687108,20.850824592087772,10.259419821826642,0.012255656554436282,71.516972999999993,0
133,13.300000000000001,ego,-1,,21.025824541688557,-2.5314956027121342e-09,3.9716569681339412e-09,1.7499994960083116,,,21.025824541688557,10.429748450694765,0.012196790379204495,73.273291,0
133,13.300000000000001,obstacle,0,turn_right,7.7914321283475498,-1.8130366632085335,,,0.06667625320913069,-0.26026060544242435,21.025824541688557,10.429748450694765,0.012196790379204495,73.273291,0
134,13.4,ego,-1,,21.200824491288682,-1.9339101305440602e-09,2.8578932521195475e-09,1.7499994959941967,,,21.200824491288682,10.600077190897753,0.012136255492956998,73.228527999999997,0
134,13.4,obstacle,0,constant_velocity,7.7980997536684633,-1.8390627237527759,,,0.06667625320913069,-0.26026060544242435,21.200824491288682,10.600077190897753,0.012136255492956998,73.228527999999997,0
135,13.5,ego,-1,,21.375824440888785,-1.486181570522362e-09,2.2590060503646411e-09,1.7499994960078546,,,21.375824440888785,10.770406037362614,0.012076062472708021,71.047748999999996,0
135,13.5,obstacle,0,constant_velocity,7.8047673789893768,-1.8650887842970183,,,0.06667625320913069,-0.26026060544242435,21.375824440888785,10.770406037362614,0.012076062472708021,71.047748999999996,0
136,13.600000000000001,ego,-1,,21.55082439048897,-1.1337532135360153e-09,1.7687477608961686e-09,1.7499994959958485,,,21.55082439048897,10.940734985653153,0.012016219537628938,71.131548000000009,0
136,13.600000000000001,obstacle,0,constant_velocity,7.8114350043102903,-1.8911148448412607,,,0.06667625320913069,-0.26026060544242435,21.55082439048897,10.940734985653153,0.012016219537628938,71.131548000000009,0
137,13.700000000000001,ego,-1,,21.721414618325149,6.1505988799928814e-08,7.3897183152426451e-07,1.6618050607280754,,,21.721414618325149,11.107513804017971,0.01196069457191941,72.642712000000003,0
137,13.700000000000001,obstacle,0,turn_right,7.817318964720509,-1.917329193293275,,,0.058839604102192737,-0.2621434845201433,21.721414618325149,11.107513804017971,0.01196069457191941,72.642712000000003,0
138,13.800000000000001,ego,-1,,21.885035384194424,1.4551330375192968e-07,2.8551745347638621e-07,1.6106102566578637,,,21.885035384194424,11.266608613018605,0.011955357953475607,69.141870999999995,0
138,13.800000000000001,obstacle,0,turn_left,7.8239865900414216,-1.9433552538375174,,,0.06667625320913069,-0.26026060544242435,21.885035384194424,11.266608613018605,0.011955357953475607,69.141870999999995,0
139,13.9,ego,-1,,22.045446142966995,1.6980677895552934e-07,1.7010571450809117e-08,1.5976049187935932,,,22.045446142966995,11.421732857062443,0.011948019811737487,69.17922999999999,0
139,13.9,obstacle,0,turn_left,7.8314318798602907,-1.9691696047762044,,,0.074452898188692496,-0.25814350938687108,22.045446142966995,11.421732857062443,0.011948019811737487,69.17922999999999,0
140,14,ego,-1,,22.20174254386891,1.3275232060069067e-07,-4.9494912022650974e-07,1.52832309924483,,,22.20174254386891,11.572795443639841,0.011890104669577588,68.87816500000001,0
140,14,obstacle,0,constant_velocity,7.8388771696791597,-1.9949839557148914,,,0.074452898188692496,-0.25814350938687108,22.20174254386891,11.572795443639841,0.011890104669577588,68.87816500000001,0
141,14.100000000000001,ego,-1,,22.353206606932744,4.6899065782545417e-08,-6.3913024234663485e-07,1.5009581620323631,,,22.353206606932744,11.719889140944844,0.011837566374494625,70.986208999999988,0
141,14.100000000000001,obstacle,0,turn_right,7.8455447950000723,-2.021010016259134,,,0.06667625320913069,-0.26026060544242435,22.353206606932744,11.719889140944844,0.011837566374494625,70.986208999999988,0
142,14.200000000000001,ego,-1,,22.502985451996352,-3.9329188427355533e-08,-5.1218786262090115e-07,1.4946187392403243,,,22.502985451996352,11.866123379541442,0.011785264134305242,69.28324099999999,0
142,14.200000000000001,obstacle,0,turn_right,7.8514287554102911,-2.0472243647111483,,,0.058839604102192737,-0.2621434845201433,22.502985451996352,11.866123379541442,0.011785264134305242,69.28324099999999,0
143,14.300000000000001,ego,-1,,22.652262442094315,-9.3404693759358585e-08,-2.1218715436454217e-07,1.4909210627191198,,,22.652262442094315,12.012667973980449,0.011733205283218355,68.786445999999998,0
143,14.300000000000001,obstacle,0,turn_right,7.8565237557426029,-2.0736034099267435,,,0.050950003323116944,-0.26379045215594854,22.652262442094315,12.012667973980449,0.011733205283218355,68.786445999999998,0
144,14.4,ego,-1,,22.801090753191602,-9.7842154663139871e-08,1.5277083527289726e-07,1.4856451592266586,,,22.801090753191602,12.158770353541001,0.011678288352029872,67.221761000000001,0
144,14.4,obstacle,0,constant_velocity,7.8616187560749147,-2.0999824551423383,,,0.050950003323116944,-0.26379045215594854,22.801090753191602,12.158770353541001,0.011678288352029872,67.221761000000001,0
145,14.5,ego,-1,,22.949321539382414,-5.6312425490135418e-08,4.0775930982212481e-07,1.4789705645897122,,,22.949321539382414,12.304283682105066,0.01162368152397443,69.126271000000003,0
145,14.5,obstacle,0,constant_velocity,7.8667137564072265,-2.126361500357933,,,0.050950003323116944,-0.26379045215594854,22.949321539382414,12.304283682105066,0.01162368152397443,69.126271000000003,0
146,14.600000000000001,ego,-1,,23.096827968689379,6.801545535853822e-09,4.480215883944966e-07,1.4711580215498623,,,23.096827968689379,12.449082848627802,0.011569390156743051,67.365226000000007,0
146,14.600000000000001,obstacle,0,constant_velocity,7.8718087567395383,-2.1527405455735278,,,0.050950003323116944,-0.26379045215594854,23.096827968689379,12.449082848627802,0.011569390156743051,67.365226000000007,0
147,14.700000000000001,ego,-1,,23.243496593223764,4.4571755278736336e-08,6.663224525532527e-08,1.4622144691379868,,,23.243496593223764,12.593056001209053,0.011515419035373215,67.321556000000001,0
147,14.700000000000001,obstacle,0,constant_velocity,7.8769037570718501,-2.1791195907891225,,,0.050950003323116944,-0.26379045215594854,23.243496593223764,12.593056001209053,0.011515419035373215,67.321556000000001,0
148,14.800000000000001,ego,-1,,23.389214281382515,4.8746125198236595e-08,-9.4259562818148566e-09,1.4521392940370124,,,23.389214281382515,12.736091324508809,0.011461772411808225,67.916090999999994,0
148,14.800000000000001,obstacle,0,constant_velocity,7.8819987574041619,-2.2054986360047173,,,0.050950003323116944,-0.26379045215594854,23.389214281382515,12.736091324508809,0.011461772411808225,67.916090999999994,0
149,14.9,ego,-1,,23.533871305305198,4.046014520749736e-08,-1.0525737683767444e-07,1.4410011844166395,,,23.533871305305198,12.877275526839357,0.011456823557903522,67.567197999999991,0
149,14.9,obstacle,0,turn_left,7.8878827178143816,-2.2317129844567316,,,0.058839604102192744,-0.26214348452014335,23.533871305305198,12.877275526839357,0.011456823557903522,67.567197999999991,0
150,15,ego,-1,,23.677363774891891,-4.9637602040560076e-09,-5.284590154957114e-07,1.4288482073173723,,,23.677363774891891,13.018116670714384,0.011409881074828635,65.674298000000007,0
150,15,obstacle,0,turn_right,7.8929777181466934,-2.2580920296723268,,,0.050950003323116944,-0.2637904521559486,23.677363774891891,13.018116670714384,0.011409881074828635,65.674298000000007,0
151,15.100000000000001,ego,-1,,23.819591691867856,-6.8533149532340388e-08,-3.6519837974295818e-07,1.4157101322022121,,,23.819591691867856,13.15851661332646,0.011363116948343528,66.610602,0
151,15.100000000000001,obstacle,0,turn_right,7.8972791732447005,-2.2846120322913399,,,0.04301455098007239,-0.26520002619013477,23.819591691867856,13.15851661332646,0.011363116948343528,66.610602,0
