hypothesis,condition,method,collision_rate,coll_ci_lo,coll_ci_hi,mean_clearance,p5_clearance,mean_progress,mean_solve_ms,n_rollouts
H6,road=2.5m,Base,0.795000,0.768872,0.818870,0.5729,0.1133,0.9136,1.577,1000
H6,road=2.5m,WDRO-sampling,0.283000,0.255952,0.311709,1.0291,0.2091,0.9556,1.713,1000
H6,road=2.5m,WDRO-inject-K1,0.271000,0.244366,0.299386,1.0227,0.2982,0.9558,1.704,1000
H6,road=2.5m,WDRO-inject-K2,0.286000,0.258852,0.314786,1.0045,0.2760,0.9549,1.696,1000
H6,road=2.5m,TopRisk-K1,0.294000,0.266594,0.322983,0.9932,0.2717,0.9558,1.697,1000
H6,road=2.5m,TopRisk-K2,0.283000,0.255952,0.311709,0.9994,0.2405,0.9551,1.694,1000
H6,road=2.5m,DiverseRisk-K1,0.263000,0.236656,0.291158,1.0113,0.2712,0.9559,1.696,1000
H6,road=3.0m,Base,0.783000,0.756394,0.807440,0.5943,0.1183,0.9592,1.513,1000
H6,road=3.0m,WDRO-sampling,0.321000,0.292796,0.350574,0.9871,0.2368,0.9563,1.659,1000
H6,road=3.0m,WDRO-inject-K1,0.341000,0.312277,0.370940,0.9627,0.3417,0.9573,1.654,1000
H6,road=3.0m,WDRO-inject-K2,0.288000,0.260787,0.316836,0.9993,0.3543,0.9572,1.653,1000
H6,road=3.0m,TopRisk-K1,0.296000,0.268530,0.325031,0.9950,0.3773,0.9576,1.654,1000
H6,road=3.0m,TopRisk-K2,0.288000,0.260787,0.316836,1.0031,0.3783,0.9565,1.651,1000
H6,road=3.0m,DiverseRisk-K1,0.290000,0.262722,0.318886,1.0049,0.3700,0.9572,1.651,1000
H6,road=4.0m,Base,0.898000,0.877693,0.915261,0.4487,0.0903,0.9598,1.482,1000
H6,road=4.0m,WDRO-sampling,0.213000,0.188747,0.239450,1.0015,0.5465,0.9544,1.589,1000
H6,road=4.0m,WDRO-inject-K1,0.203000,0.179228,0.229045,0.9910,0.5603,0.9546,1.597,1000
H6,road=4.0m,WDRO-inject-K2,0.235000,0.209765,0.262263,0.9781,0.5636,0.9546,1.602,1000
H6,road=4.0m,TopRisk-K1,0.218000,0.193514,0.244644,0.9836,0.5534,0.9541,1.602,1000
H6,road=4.0m,TopRisk-K2,0.224000,0.199243,0.250869,0.9817,0.5704,0.9536,1.597,1000
H6,road=4.0m,DiverseRisk-K1,0.204000,0.180179,0.230087,0.9850,0.6256,0.9542,1.595,1000
H7,sigma=1.5,Base,0.719000,0.690343,0.745981,0.7225,0.2020,0.9187,0.808,1000
H7,sigma=1.5,WDRO-sampling,0.141000,0.120801,0.163947,1.0985,0.4663,0.9575,0.914,1000
H7,sigma=1.5,WDRO-inject-K1,0.138000,0.118004,0.160766,1.0846,0.5358,0.9581,0.923,1000
H7,sigma=1.5,WDRO-inject-K2,0.125000,0.105926,0.146944,1.0996,0.5241,0.9576,0.921,1000
H7,sigma=1.5,TopRisk-K1,0.136000,0.116142,0.158644,1.0847,0.4859,0.9575,0.924,1000
H7,sigma=1.5,TopRisk-K2,0.112000,0.093919,0.133050,1.1130,0.5071,0.9577,0.917,1000
H7,sigma=1.5,DiverseRisk-K1,0.131000,0.111492,0.153332,1.0956,0.4880,0.9575,0.922,1000
H7,sigma=3,Base,0.746000,0.718114,0.772003,0.7095,0.1805,0.9252,0.808,1000
H7,sigma=3,WDRO-sampling,0.149000,0.128274,0.172412,1.0969,0.4162,0.9572,0.917,1000
H7,sigma=3,WDRO-inject-K1,0.128000,0.108707,0.150140,1.0989,0.5317,0.9578,0.923,1000
H7,sigma=3,WDRO-inject-K2,0.146000,0.125469,0.169241,1.0805,0.5108,0.9579,0.926,1000
H7,sigma=3,TopRisk-K1,0.116000,0.097605,0.137334,1.1100,0.5656,0.9578,0.916,1000
H7,sigma=3,TopRisk-K2,0.130000,0.110563,0.152268,1.1002,0.5171,0.9575,0.920,1000
H7,sigma=3,DiverseRisk-K1,0.126000,0.106853,0.148010,1.1003,0.5370,0.9577,0.918,1000
H7,sigma=5,Base,0.730000,0.701642,0.756598,0.7187,0.1863,0.9298,0.812,1000
H7,sigma=5,WDRO-sampling,0.118000,0.099451,0.139473,1.1259,0.5601,0.9578,0.906,1000
H7,sigma=5,WDRO-inject-K1,0.136000,0.116142,0.158644,1.0820,0.5052,0.9579,0.923,1000
H7,sigma=5,WDRO-inject-K2,0.110000,0.092079,0.130906,1.1095,0.5179,0.9578,0.924,1000
H7,sigma=5,TopRisk-K1,0.153000,0.132019,0.176637,1.0876,0.4806,0.9577,0.919,1000
H7,sigma=5,TopRisk-K2,0.118000,0.099451,0.139473,1.1106,0.5064,0.9576,0.915,1000
H7,sigma=5,DiverseRisk-K1,0.120000,0.101299,0.141609,1.1084,0.4882,0.9577,0.920,1000
H7,sigma=8,Base,0.729000,0.700614,0.755634,0.7064,0.1877,0.9311,0.811,1000
H7,sigma=8,WDRO-sampling,0.137000,0.117073,0.159706,1.1067,0.4954,0.9575,0.913,1000
H7,sigma=8,WDRO-inject-K1,0.132000,0.112421,0.154395,1.0834,0.5223,0.9577,0.927,1000
H7,sigma=8,WDRO-inject-K2,0.118000,0.099451,0.139473,1.1011,0.5244,0.9577,0.921,1000
H7,sigma=8,TopRisk-K1,0.132000,0.112421,0.154395,1.0895,0.5139,0.9578,0.920,1000
H7,sigma=8,TopRisk-K2,0.134000,0.114281,0.156521,1.0910,0.4600,0.9574,0.919,1000
H7,sigma=8,DiverseRisk-K1,0.112000,0.093919,0.133050,1.1110,0.5597,0.9577,0.920,1000
H8,discs=1,Base,0.752000,0.724303,0.777768,0.6777,0.1797,0.9284,0.807,1000
H8,discs=1,WDRO-sampling,0.132000,0.112421,0.154395,1.1133,0.4395,0.9575,0.911,1000
H8,discs=1,WDRO-inject-K1,0.151000,0.130146,0.174525,1.0785,0.4907,0.9578,0.923,1000
H8,discs=1,WDRO-inject-K2,0.150000,0.129210,0.173469,1.0860,0.4643,0.9577,0.925,1000
H8,discs=1,TopRisk-K1,0.126000,0.106853,0.148010,1.0960,0.5580,0.9578,0.921,1000
H8,discs=1,TopRisk-K2,0.147000,0.126404,0.170298,1.0964,0.5712,0.9577,0.924,1000
H8,discs=1,DiverseRisk-K1,0.149000,0.128274,0.172412,1.0857,0.5044,0.9577,0.923,1000
H8,discs=3,Base,0.900000,0.879848,0.917091,0.4031,0.0551,0.5274,0.590,1000
H8,discs=3,WDRO-sampling,0.422000,0.391745,0.452852,0.8493,0.0848,0.9543,1.110,1000
H8,discs=3,WDRO-inject-K1,0.451000,0.420405,0.481970,0.8234,0.0834,0.9544,1.115,1000
H8,discs=3,WDRO-inject-K2,0.461000,0.430312,0.491986,0.8204,0.0896,0.9542,1.119,1000
H8,discs=3,TopRisk-K1,0.458000,0.427339,0.488983,0.8183,0.0556,0.9540,1.117,1000
H8,discs=3,TopRisk-K2,0.454000,0.423376,0.484976,0.8224,0.0634,0.9539,1.113,1000
H8,discs=3,DiverseRisk-K1,0.411000,0.380902,0.441780,0.8519,0.0797,0.9542,1.113,1000
H8,discs=5,Base,0.849000,0.825475,0.869854,0.4634,0.0544,0.5317,0.724,1000
H8,discs=5,WDRO-sampling,0.436000,0.405567,0.466922,0.8161,0.0581,0.9538,1.247,1000
H8,discs=5,WDRO-inject-K1,0.427000,0.396679,0.457880,0.8314,0.0613,0.9538,1.260,1000
H8,discs=5,WDRO-inject-K2,0.459000,0.428330,0.489984,0.7889,0.0503,0.9538,1.282,1000
H8,discs=5,TopRisk-K1,0.432000,0.401616,0.462905,0.8077,0.0650,0.9538,1.264,1000
H8,discs=5,TopRisk-K2,0.450000,0.419415,0.480968,0.8167,0.0517,0.9540,1.261,1000
H8,discs=5,DiverseRisk-K1,0.429000,0.398653,0.459890,0.8325,0.0614,0.9536,1.264,1000
H9,combined-tight,Base,0.751000,0.723271,0.776808,0.5854,0.0510,0.5202,1.608,1000
H9,combined-tight,WDRO-sampling,0.581000,0.550166,0.611214,0.7488,0.0575,0.9557,1.898,1000
H9,combined-tight,WDRO-inject-K1,0.644000,0.613823,0.673074,0.6814,0.0588,0.9563,1.893,1000
H9,combined-tight,WDRO-inject-K2,0.577000,0.546142,0.607269,0.7289,0.0754,0.9560,1.900,1000
H9,combined-tight,TopRisk-K1,0.607000,0.576373,0.636808,0.7176,0.0682,0.9560,1.900,1000
H9,combined-tight,TopRisk-K2,0.620000,0.589510,0.649571,0.6961,0.0603,0.9558,1.895,1000
H9,combined-tight,DiverseRisk-K1,0.603000,0.572336,0.632876,0.7257,0.0657,0.9560,1.897,1000
H9,combined-medium,Base,0.807000,0.781383,0.830267,0.5098,0.0555,0.5341,1.625,1000
H9,combined-medium,WDRO-sampling,0.624000,0.593557,0.653494,0.6744,0.0737,0.9575,1.840,1000
H9,combined-medium,WDRO-inject-K1,0.650000,0.619914,0.678938,0.6728,0.0677,0.9581,1.838,1000
H9,combined-medium,WDRO-inject-K2,0.661000,0.631094,0.689674,0.6458,0.0747,0.9578,1.847,1000
H9,combined-medium,TopRisk-K1,0.670000,0.640254,0.698445,0.6481,0.0703,0.9582,1.846,1000
H9,combined-medium,TopRisk-K2,0.679000,0.649426,0.707204,0.6234,0.0552,0.9578,1.841,1000
H9,combined-medium,DiverseRisk-K1,0.665000,0.635163,0.693574,0.6477,0.0513,0.9579,1.845,1000
H10,margin=0.1,Base,0.727000,0.698558,0.753705,0.7070,0.1629,0.9304,0.806,1000
H10,margin=0.1,WDRO-sampling,0.140000,0.119868,0.162887,1.1211,0.5260,0.9575,0.909,1000
H10,margin=0.1,WDRO-inject-K1,0.138000,0.118004,0.160766,1.0896,0.4862,0.9579,0.918,1000
H10,margin=0.1,WDRO-inject-K2,0.111000,0.092999,0.131978,1.1078,0.5536,0.9579,0.920,1000
H10,margin=0.1,TopRisk-K1,0.128000,0.108707,0.150140,1.1018,0.4771,0.9579,0.916,1000
H10,margin=0.1,TopRisk-K2,0.144000,0.123601,0.167124,1.0918,0.4814,0.9577,0.917,1000
H10,margin=0.1,DiverseRisk-K1,0.122000,0.103148,0.143745,1.1020,0.5467,0.9575,0.923,1000
H10,margin=0.3,Base,0.742000,0.713991,0.768156,0.7211,0.2001,0.9297,0.809,1000
H10,margin=0.3,WDRO-sampling,0.137000,0.117073,0.159706,1.1055,0.4545,0.9573,0.912,1000
H10,margin=0.3,WDRO-inject-K1,0.137000,0.117073,0.159706,1.0882,0.4383,0.9580,0.920,1000
H10,margin=0.3,WDRO-inject-K2,0.121000,0.102223,0.142677,1.0979,0.5262,0.9579,0.921,1000
H10,margin=0.3,TopRisk-K1,0.124000,0.105000,0.145878,1.1044,0.5225,0.9576,0.918,1000
H10,margin=0.3,TopRisk-K2,0.117000,0.098528,0.138403,1.1002,0.4817,0.9574,0.916,1000
H10,margin=0.3,DiverseRisk-K1,0.136000,0.116142,0.158644,1.0871,0.5251,0.9577,0.916,1000
H10,margin=0.5,Base,0.749000,0.721208,0.774887,0.6981,0.2013,0.9301,0.811,1000
H10,margin=0.5,WDRO-sampling,0.160000,0.138585,0.184017,1.0984,0.4342,0.9574,0.908,1000
H10,margin=0.5,WDRO-inject-K1,0.112000,0.093919,0.133050,1.0937,0.5421,0.9577,0.922,1000
H10,margin=0.5,WDRO-inject-K2,0.140000,0.119868,0.162887,1.0959,0.5321,0.9581,0.917,1000
H10,margin=0.5,TopRisk-K1,0.134000,0.114281,0.156521,1.0948,0.5089,0.9578,0.920,1000
H10,margin=0.5,TopRisk-K2,0.165000,0.143284,0.189280,1.0755,0.4439,0.9577,0.917,1000
H10,margin=0.5,DiverseRisk-K1,0.109000,0.091160,0.129833,1.1163,0.5869,0.9577,0.913,1000
H10,margin=0.8,Base,0.756000,0.728433,0.781608,0.6863,0.2134,0.9291,0.810,1000
H10,margin=0.8,WDRO-sampling,0.132000,0.112421,0.154395,1.1162,0.5262,0.9573,0.911,1000
H10,margin=0.8,WDRO-inject-K1,0.113000,0.094840,0.134122,1.0923,0.5315,0.9578,0.915,1000
H10,margin=0.8,WDRO-inject-K2,0.126000,0.106853,0.148010,1.0911,0.4851,0.9580,0.921,1000
H10,margin=0.8,TopRisk-K1,0.144000,0.123601,0.167124,1.0910,0.4663,0.9574,0.915,1000
H10,margin=0.8,TopRisk-K2,0.127000,0.107780,0.149075,1.1042,0.4968,0.9576,0.917,1000
H10,margin=0.8,DiverseRisk-K1,0.125000,0.105926,0.146944,1.0972,0.5079,0.9577,0.918,1000
