test,condition,method,collision_rate,coll_ci_lo,coll_ci_hi,mean_clearance,mean_progress,mean_solve_ms,n_rollouts
A-risk-noise,rn=0,Base,0.743000,0.715022,0.769118,0.7064,0.9223,0.821,1000
A-risk-noise,rn=0,WDRO-sampling,0.152000,0.131082,0.175581,1.1048,0.9576,0.931,1000
A-risk-noise,rn=0,WDRO-inject-K1,0.158000,0.136707,0.181910,1.0684,0.9576,0.953,1000
A-risk-noise,rn=0,WDRO-inject-K2,0.132000,0.112421,0.154395,1.0828,0.9579,0.926,1000
A-risk-noise,rn=0,TopRisk-K1,0.121000,0.102223,0.142677,1.1016,0.9578,0.922,1000
A-risk-noise,rn=0,TopRisk-K2,0.138000,0.118004,0.160766,1.0917,0.9578,0.918,1000
A-risk-noise,rn=0,DiverseRisk-K1,0.117000,0.098528,0.138403,1.1104,0.9576,0.918,1000
A-risk-noise,rn=5,Base,0.731000,0.702670,0.757562,0.7219,0.9282,0.813,1000
A-risk-noise,rn=5,WDRO-sampling,0.138000,0.118004,0.160766,1.1054,0.9576,0.947,1000
A-risk-noise,rn=5,WDRO-inject-K1,0.127000,0.107780,0.149075,1.0963,0.9576,0.962,1000
A-risk-noise,rn=5,WDRO-inject-K2,0.122000,0.103148,0.143745,1.1045,0.9577,0.958,1000
A-risk-noise,rn=5,TopRisk-K1,0.129000,0.109635,0.151204,1.0846,0.9578,0.965,1000
A-risk-noise,rn=5,TopRisk-K2,0.127000,0.107780,0.149075,1.1119,0.9576,0.961,1000
A-risk-noise,rn=5,DiverseRisk-K1,0.146000,0.125469,0.169241,1.0862,0.9578,0.956,1000
A-risk-noise,rn=10,Base,0.768000,0.740842,0.793107,0.6829,0.9312,0.808,1000
A-risk-noise,rn=10,WDRO-sampling,0.138000,0.118004,0.160766,1.0976,0.9575,0.950,1000
A-risk-noise,rn=10,WDRO-inject-K1,0.112000,0.093919,0.133050,1.1084,0.9579,0.958,1000
A-risk-noise,rn=10,WDRO-inject-K2,0.125000,0.105926,0.146944,1.0934,0.9578,0.977,1000
A-risk-noise,rn=10,TopRisk-K1,0.140000,0.119868,0.162887,1.0814,0.9575,0.973,1000
A-risk-noise,rn=10,TopRisk-K2,0.136000,0.116142,0.158644,1.0908,0.9575,0.970,1000
A-risk-noise,rn=10,DiverseRisk-K1,0.116000,0.097605,0.137334,1.1083,0.9579,0.977,1000
A-risk-noise,rn=20,Base,0.745000,0.717083,0.771042,0.7013,0.9304,0.836,1000
A-risk-noise,rn=20,WDRO-sampling,0.144000,0.123601,0.167124,1.0913,0.9577,0.969,1000
A-risk-noise,rn=20,WDRO-inject-K1,0.144000,0.123601,0.167124,1.0860,0.9578,0.965,1000
A-risk-noise,rn=20,WDRO-inject-K2,0.134000,0.114281,0.156521,1.0863,0.9575,0.960,1000
A-risk-noise,rn=20,TopRisk-K1,0.133000,0.113351,0.155458,1.0878,0.9578,0.955,1000
A-risk-noise,rn=20,TopRisk-K2,0.142000,0.121734,0.165006,1.0890,0.9577,0.970,1000
A-risk-noise,rn=20,DiverseRisk-K1,0.127000,0.107780,0.149075,1.1050,0.9579,0.976,1000
A-risk-noise,rn=50,Base,0.733000,0.704727,0.759490,0.7207,0.9227,0.813,1000
A-risk-noise,rn=50,WDRO-sampling,0.151000,0.130146,0.174525,1.0694,0.9579,0.950,1000
A-risk-noise,rn=50,WDRO-inject-K1,0.131000,0.111492,0.153332,1.0855,0.9579,0.973,1000
A-risk-noise,rn=50,WDRO-inject-K2,0.134000,0.114281,0.156521,1.0834,0.9577,0.965,1000
A-risk-noise,rn=50,TopRisk-K1,0.148000,0.127339,0.171356,1.0972,0.9580,0.955,1000
A-risk-noise,rn=50,TopRisk-K2,0.114000,0.095761,0.135193,1.1084,0.9576,0.965,1000
A-risk-noise,rn=50,DiverseRisk-K1,0.141000,0.120801,0.163947,1.0797,0.9577,0.965,1000
A-risk-noise,rn=100,Base,0.748000,0.720176,0.773926,0.7126,0.9294,0.820,1000
A-risk-noise,rn=100,WDRO-sampling,0.131000,0.111492,0.153332,1.0845,0.9577,0.966,1000
A-risk-noise,rn=100,WDRO-inject-K1,0.150000,0.129210,0.173469,1.0817,0.9578,0.973,1000
A-risk-noise,rn=100,WDRO-inject-K2,0.123000,0.104074,0.144812,1.0982,0.9576,0.978,1000
A-risk-noise,rn=100,TopRisk-K1,0.137000,0.117073,0.159706,1.0903,0.9578,0.981,1000
A-risk-noise,rn=100,TopRisk-K2,0.136000,0.116142,0.158644,1.0944,0.9577,0.977,1000
A-risk-noise,rn=100,DiverseRisk-K1,0.138000,0.118004,0.160766,1.0867,0.9577,0.987,1000
A-risk-noise,rn=0-tight,Base,0.994000,0.986972,0.997247,0.3559,0.9564,0.793,1000
A-risk-noise,rn=0-tight,WDRO-sampling,0.313000,0.285020,0.342411,0.9277,0.9578,0.985,1000
A-risk-noise,rn=0-tight,WDRO-inject-K1,0.250000,0.224153,0.277761,0.9686,0.9579,0.983,1000
A-risk-noise,rn=0-tight,WDRO-inject-K2,0.247000,0.221272,0.274665,0.9762,0.9578,1.006,1000
A-risk-noise,rn=0-tight,TopRisk-K1,0.258000,0.231844,0.286009,0.9721,0.9576,1.002,1000
A-risk-noise,rn=0-tight,TopRisk-K2,0.277000,0.250156,0.305551,0.9582,0.9576,1.007,1000
A-risk-noise,rn=0-tight,DiverseRisk-K1,0.275000,0.248225,0.303497,0.9625,0.9577,1.000,1000
A-risk-noise,rn=10-tight,Base,0.993000,0.985622,0.996605,0.3440,0.9565,0.820,1000
A-risk-noise,rn=10-tight,WDRO-sampling,0.282000,0.254986,0.310683,0.9518,0.9577,1.023,1000
A-risk-noise,rn=10-tight,WDRO-inject-K1,0.252000,0.226074,0.279824,0.9777,0.9576,1.029,1000
A-risk-noise,rn=10-tight,WDRO-inject-K2,0.257000,0.230882,0.284978,0.9790,0.9575,1.029,1000
A-risk-noise,rn=10-tight,TopRisk-K1,0.265000,0.238583,0.293216,0.9735,0.9578,1.027,1000
A-risk-noise,rn=10-tight,TopRisk-K2,0.252000,0.226074,0.279824,0.9791,0.9577,1.026,1000
A-risk-noise,rn=10-tight,DiverseRisk-K1,0.228000,0.203066,0.255015,1.0069,0.9576,1.014,1000
A-risk-noise,rn=20-tight,Base,0.994000,0.986972,0.997247,0.3570,0.9564,0.807,1000
A-risk-noise,rn=20-tight,WDRO-sampling,0.295000,0.267562,0.324007,0.9402,0.9577,1.037,1000
A-risk-noise,rn=20-tight,WDRO-inject-K1,0.244000,0.218392,0.271567,0.9821,0.9577,1.036,1000
A-risk-noise,rn=20-tight,WDRO-inject-K2,0.270000,0.243402,0.298358,0.9666,0.9579,1.047,1000
A-risk-noise,rn=20-tight,TopRisk-K1,0.241000,0.215515,0.268467,0.9845,0.9577,1.034,1000
A-risk-noise,rn=20-tight,TopRisk-K2,0.253000,0.227035,0.280855,0.9673,0.9577,1.048,1000
A-risk-noise,rn=20-tight,DiverseRisk-K1,0.266000,0.239546,0.294245,0.9687,0.9578,1.032,1000
A-risk-noise,rn=50-tight,Base,0.992000,0.984293,0.995941,0.3667,0.9565,0.841,1000
A-risk-noise,rn=50-tight,WDRO-sampling,0.288000,0.260787,0.316836,0.9450,0.9574,1.089,1000
A-risk-noise,rn=50-tight,WDRO-inject-K1,0.246000,0.220312,0.273632,0.9783,0.9579,1.050,1000
A-risk-noise,rn=50-tight,WDRO-inject-K2,0.273000,0.246295,0.301442,0.9614,0.9576,1.068,1000
A-risk-noise,rn=50-tight,TopRisk-K1,0.247000,0.221272,0.274665,0.9641,0.9576,1.066,1000
A-risk-noise,rn=50-tight,TopRisk-K2,0.239000,0.213597,0.266400,0.9820,0.9579,1.061,1000
A-risk-noise,rn=50-tight,DiverseRisk-K1,0.240000,0.214556,0.267434,0.9937,0.9576,1.035,1000
B-state-noise,sn=0,Base,0.710000,0.681114,0.737278,0.7311,0.9297,0.828,1000
B-state-noise,sn=0,WDRO-sampling,0.143000,0.122667,0.166065,1.0993,0.9577,0.935,1000
B-state-noise,sn=0,WDRO-inject-K1,0.164000,0.142344,0.188228,1.0716,0.9576,0.962,1000
B-state-noise,sn=0,WDRO-inject-K2,0.139000,0.118936,0.161827,1.0987,0.9580,0.955,1000
B-state-noise,sn=0,TopRisk-K1,0.115000,0.096683,0.136264,1.0993,0.9577,0.954,1000
B-state-noise,sn=0,TopRisk-K2,0.132000,0.112421,0.154395,1.0992,0.9578,0.944,1000
B-state-noise,sn=0,DiverseRisk-K1,0.124000,0.105000,0.145878,1.0905,0.9578,0.950,1000
B-state-noise,sn=10,Base,0.713000,0.684189,0.740181,0.7176,0.9333,0.836,1000
B-state-noise,sn=10,WDRO-sampling,0.167000,0.145166,0.191383,1.0914,0.9578,0.928,1000
B-state-noise,sn=10,WDRO-inject-K1,0.139000,0.118936,0.161827,1.0926,0.9581,0.938,1000
B-state-noise,sn=10,WDRO-inject-K2,0.159000,0.137646,0.182964,1.0739,0.9579,0.944,1000
B-state-noise,sn=10,TopRisk-K1,0.144000,0.123601,0.167124,1.0885,0.9579,0.931,1000
B-state-noise,sn=10,TopRisk-K2,0.132000,0.112421,0.154395,1.0972,0.9578,0.938,1000
B-state-noise,sn=10,DiverseRisk-K1,0.148000,0.127339,0.171356,1.0919,0.9579,0.935,1000
B-state-noise,sn=30,Base,0.653000,0.622961,0.681868,0.8204,0.9398,0.835,1000
B-state-noise,sn=30,WDRO-sampling,0.163000,0.141404,0.187176,1.1069,0.9584,0.928,1000
B-state-noise,sn=30,WDRO-inject-K1,0.159000,0.137646,0.182964,1.0969,0.9585,0.925,1000
B-state-noise,sn=30,WDRO-inject-K2,0.135000,0.115211,0.157583,1.1007,0.9584,0.932,1000
B-state-noise,sn=30,TopRisk-K1,0.157000,0.135769,0.180856,1.0997,0.9584,0.922,1000
B-state-noise,sn=30,TopRisk-K2,0.129000,0.109635,0.151204,1.1124,0.9587,0.920,1000
B-state-noise,sn=30,DiverseRisk-K1,0.159000,0.137646,0.182964,1.0873,0.9585,0.924,1000
B-state-noise,sn=50,Base,0.548000,0.517028,0.578605,1.0180,0.9422,0.823,1000
B-state-noise,sn=50,WDRO-sampling,0.131000,0.111492,0.153332,1.1843,0.9587,0.910,1000
B-state-noise,sn=50,WDRO-inject-K1,0.128000,0.108707,0.150140,1.1771,0.9589,0.913,1000
B-state-noise,sn=50,WDRO-inject-K2,0.140000,0.119868,0.162887,1.1769,0.9587,0.918,1000
B-state-noise,sn=50,TopRisk-K1,0.117000,0.098528,0.138403,1.1865,0.9589,0.913,1000
B-state-noise,sn=50,TopRisk-K2,0.138000,0.118004,0.160766,1.1701,0.9587,0.915,1000
B-state-noise,sn=50,DiverseRisk-K1,0.131000,0.111492,0.153332,1.1571,0.9586,0.916,1000
B-state-noise,sn=100,Base,0.362000,0.332794,0.392262,1.5277,0.9188,0.801,1000
B-state-noise,sn=100,WDRO-sampling,0.115000,0.096683,0.136264,1.5168,0.9589,0.899,1000
B-state-noise,sn=100,WDRO-inject-K1,0.078000,0.062947,0.096283,1.5385,0.9592,0.896,1000
B-state-noise,sn=100,WDRO-inject-K2,0.086000,0.070168,0.105000,1.4778,0.9589,0.900,1000
B-state-noise,sn=100,TopRisk-K1,0.113000,0.094840,0.134122,1.4992,0.9591,0.903,1000
B-state-noise,sn=100,TopRisk-K2,0.096000,0.079257,0.115836,1.5265,0.9589,0.902,1000
B-state-noise,sn=100,DiverseRisk-K1,0.092000,0.075614,0.111509,1.5038,0.9590,0.899,1000
C-combined,rn10_sn20,Base,0.754000,0.726368,0.779688,0.6689,0.9354,0.815,1000
C-combined,rn10_sn20,WDRO-sampling,0.155000,0.133893,0.178747,1.0733,0.9582,0.960,1000
C-combined,rn10_sn20,WDRO-inject-K1,0.148000,0.127339,0.171356,1.0853,0.9579,0.975,1000
C-combined,rn10_sn20,WDRO-inject-K2,0.163000,0.141404,0.187176,1.0578,0.9581,0.972,1000
C-combined,rn10_sn20,TopRisk-K1,0.152000,0.131082,0.175581,1.0773,0.9581,0.976,1000
C-combined,rn10_sn20,TopRisk-K2,0.147000,0.126404,0.170298,1.0746,0.9580,0.973,1000
C-combined,rn10_sn20,DiverseRisk-K1,0.167000,0.145166,0.191383,1.0676,0.9583,0.976,1000
C-combined,rn20_sn30,Base,0.680000,0.650446,0.708176,0.7688,0.9451,0.828,1000
C-combined,rn20_sn30,WDRO-sampling,0.147000,0.126404,0.170298,1.0901,0.9586,0.961,1000
C-combined,rn20_sn30,WDRO-inject-K1,0.154000,0.132956,0.177692,1.0821,0.9583,0.973,1000
C-combined,rn20_sn30,WDRO-inject-K2,0.156000,0.134831,0.179802,1.0711,0.9585,0.970,1000
C-combined,rn20_sn30,TopRisk-K1,0.148000,0.127339,0.171356,1.0873,0.9585,0.974,1000
C-combined,rn20_sn30,TopRisk-K2,0.160000,0.138585,0.184017,1.0743,0.9583,0.982,1000
C-combined,rn20_sn30,DiverseRisk-K1,0.155000,0.133893,0.178747,1.0966,0.9584,0.976,1000
C-combined,rn50_sn50,Base,0.568000,0.537095,0.598384,0.9782,0.9423,0.819,1000
C-combined,rn50_sn50,WDRO-sampling,0.127000,0.107780,0.149075,1.1434,0.9590,0.953,1000
C-combined,rn50_sn50,WDRO-inject-K1,0.154000,0.132956,0.177692,1.1405,0.9587,0.969,1000
C-combined,rn50_sn50,WDRO-inject-K2,0.114000,0.095761,0.135193,1.1794,0.9587,0.963,1000
C-combined,rn50_sn50,TopRisk-K1,0.140000,0.119868,0.162887,1.1462,0.9587,0.972,1000
C-combined,rn50_sn50,TopRisk-K2,0.127000,0.107780,0.149075,1.1567,0.9588,0.959,1000
C-combined,rn50_sn50,DiverseRisk-K1,0.134000,0.114281,0.156521,1.1376,0.9587,0.981,1000
C-combined,rn20_sn30-tight,Base,0.871000,0.848796,0.890365,0.5103,0.9567,0.783,1000
C-combined,rn20_sn30-tight,WDRO-sampling,0.246000,0.220312,0.273632,0.9926,0.9575,0.983,1000
C-combined,rn20_sn30-tight,WDRO-inject-K1,0.195000,0.171630,0.220705,1.0313,0.9575,0.989,1000
C-combined,rn20_sn30-tight,WDRO-inject-K2,0.196000,0.172579,0.221748,1.0355,0.9576,1.002,1000
C-combined,rn20_sn30-tight,TopRisk-K1,0.208000,0.183984,0.234251,1.0215,0.9578,1.007,1000
C-combined,rn20_sn30-tight,TopRisk-K2,0.205000,0.181130,0.231128,1.0131,0.9577,1.004,1000
C-combined,rn20_sn30-tight,DiverseRisk-K1,0.230000,0.204979,0.257087,0.9979,0.9577,1.010,1000
C-combined,rn50_sn50-tight,Base,0.710000,0.681114,0.737278,0.7779,0.9557,0.808,1000
C-combined,rn50_sn50-tight,WDRO-sampling,0.173000,0.150819,0.197684,1.0888,0.9575,0.969,1000
C-combined,rn50_sn50-tight,WDRO-inject-K1,0.176000,0.153649,0.200831,1.0861,0.9577,0.996,1000
C-combined,rn50_sn50-tight,WDRO-inject-K2,0.173000,0.150819,0.197684,1.0836,0.9575,0.987,1000
C-combined,rn50_sn50-tight,TopRisk-K1,0.169000,0.147049,0.193484,1.0997,0.9574,0.973,1000
C-combined,rn50_sn50-tight,TopRisk-K2,0.170000,0.147991,0.194535,1.1039,0.9577,0.968,1000
C-combined,rn50_sn50-tight,DiverseRisk-K1,0.180000,0.157427,0.205023,1.0890,0.9576,0.967,1000
